Any,Codi_Districte,Nom_Districte,Codi_Barri,Nom_Barri,Seccio_Censal,Total
2021,1,Ciutat Vella,1,el Raval,1,1298
2021,1,Ciutat Vella,1,el Raval,2,398
2021,1,Ciutat Vella,1,el Raval,3,745
2021,1,Ciutat Vella,1,el Raval,4,848
2021,1,Ciutat Vella,1,el Raval,5,642
2021,1,Ciutat Vella,1,el Raval,6,422
2021,1,Ciutat Vella,1,el Raval,7,450
2021,1,Ciutat Vella,1,el Raval,8,644
2021,1,Ciutat Vella,1,el Raval,9,487
2021,1,Ciutat Vella,1,el Raval,10,479
2021,1,Ciutat Vella,1,el Raval,11,680
2021,1,Ciutat Vella,1,el Raval,12,409
2021,1,Ciutat Vella,1,el Raval,13,320
2021,1,Ciutat Vella,1,el Raval,14,349
2021,1,Ciutat Vella,1,el Raval,15,483
2021,1,Ciutat Vella,1,el Raval,16,375
2021,1,Ciutat Vella,1,el Raval,17,513
2021,1,Ciutat Vella,1,el Raval,18,409
2021,1,Ciutat Vella,1,el Raval,19,658
2021,1,Ciutat Vella,1,el Raval,20,601
2021,1,Ciutat Vella,1,el Raval,21,796
2021,1,Ciutat Vella,2,el Gòtic,22,496
2021,1,Ciutat Vella,2,el Gòtic,23,842
2021,1,Ciutat Vella,2,el Gòtic,25,3661
2021,1,Ciutat Vella,2,el Gòtic,26,607
2021,1,Ciutat Vella,2,el Gòtic,27,1748
2021,1,Ciutat Vella,2,el Gòtic,28,600
2021,1,Ciutat Vella,2,el Gòtic,29,516
2021,1,Ciutat Vella,2,el Gòtic,30,2474
2021,1,Ciutat Vella,2,el Gòtic,31,621
2021,1,Ciutat Vella,3,la Barceloneta,32,1066
2021,1,Ciutat Vella,3,la Barceloneta,33,399
2021,1,Ciutat Vella,3,la Barceloneta,34,381
2021,1,Ciutat Vella,3,la Barceloneta,35,449
2021,1,Ciutat Vella,3,la Barceloneta,36,1029
2021,1,Ciutat Vella,3,la Barceloneta,37,529
2021,1,Ciutat Vella,3,la Barceloneta,38,468
2021,1,Ciutat Vella,3,la Barceloneta,39,505
2021,1,Ciutat Vella,3,la Barceloneta,40,434
2021,1,Ciutat Vella,3,la Barceloneta,41,559
2021,1,Ciutat Vella,3,la Barceloneta,42,622
2021,1,Ciutat Vella,4,"Sant Pere, Santa Caterina i la Ribera",43,4587
2021,1,Ciutat Vella,4,"Sant Pere, Santa Caterina i la Ribera",44,588
2021,1,Ciutat Vella,4,"Sant Pere, Santa Caterina i la Ribera",45,649
2021,1,Ciutat Vella,4,"Sant Pere, Santa Caterina i la Ribera",46,610
2021,1,Ciutat Vella,4,"Sant Pere, Santa Caterina i la Ribera",47,589
2021,1,Ciutat Vella,4,"Sant Pere, Santa Caterina i la Ribera",48,593
2021,1,Ciutat Vella,4,"Sant Pere, Santa Caterina i la Ribera",49,498
2021,1,Ciutat Vella,4,"Sant Pere, Santa Caterina i la Ribera",50,445
2021,1,Ciutat Vella,4,"Sant Pere, Santa Caterina i la Ribera",51,450
2021,1,Ciutat Vella,4,"Sant Pere, Santa Caterina i la Ribera",52,1025
2021,1,Ciutat Vella,4,"Sant Pere, Santa Caterina i la Ribera",53,563
2021,1,Ciutat Vella,4,"Sant Pere, Santa Caterina i la Ribera",54,391
2021,1,Ciutat Vella,4,"Sant Pere, Santa Caterina i la Ribera",55,530
2021,2,Eixample,5,el Fort Pienc,1,703
2021,2,Eixample,5,el Fort Pienc,2,722
2021,2,Eixample,5,el Fort Pienc,3,465
2021,2,Eixample,5,el Fort Pienc,4,605
2021,2,Eixample,5,el Fort Pienc,5,1029
2021,2,Eixample,5,el Fort Pienc,6,777
2021,2,Eixample,5,el Fort Pienc,7,592
2021,2,Eixample,5,el Fort Pienc,8,1025
2021,2,Eixample,5,el Fort Pienc,9,876
2021,2,Eixample,5,el Fort Pienc,10,559
2021,2,Eixample,5,el Fort Pienc,11,551
2021,2,Eixample,5,el Fort Pienc,12,705
2021,2,Eixample,5,el Fort Pienc,13,623
2021,2,Eixample,5,el Fort Pienc,14,499
2021,2,Eixample,5,el Fort Pienc,15,662
2021,2,Eixample,5,el Fort Pienc,16,926
2021,2,Eixample,5,el Fort Pienc,17,936
2021,2,Eixample,5,el Fort Pienc,18,889
2021,2,Eixample,5,el Fort Pienc,19,937
2021,2,Eixample,5,el Fort Pienc,20,636
2021,2,Eixample,6,la Sagrada Família,21,641
2021,2,Eixample,6,la Sagrada Família,22,600
2021,2,Eixample,6,la Sagrada Família,23,504
2021,2,Eixample,6,la Sagrada Família,24,529
2021,2,Eixample,6,la Sagrada Família,25,466
2021,2,Eixample,6,la Sagrada Família,26,860
2021,2,Eixample,6,la Sagrada Família,27,841
2021,2,Eixample,6,la Sagrada Família,28,983
2021,2,Eixample,6,la Sagrada Família,29,510
2021,2,Eixample,6,la Sagrada Família,30,524
2021,2,Eixample,6,la Sagrada Família,31,463
2021,2,Eixample,6,la Sagrada Família,32,482
2021,2,Eixample,6,la Sagrada Família,33,518
2021,2,Eixample,6,la Sagrada Família,34,464
2021,2,Eixample,6,la Sagrada Família,35,544
2021,2,Eixample,6,la Sagrada Família,36,555
2021,2,Eixample,6,la Sagrada Família,37,561
2021,2,Eixample,6,la Sagrada Família,38,1126
2021,2,Eixample,6,la Sagrada Família,39,638
2021,2,Eixample,6,la Sagrada Família,40,680
2021,2,Eixample,6,la Sagrada Família,41,754
2021,2,Eixample,6,la Sagrada Família,42,823
2021,2,Eixample,6,la Sagrada Família,43,636
2021,2,Eixample,6,la Sagrada Família,44,566
2021,2,Eixample,6,la Sagrada Família,45,519
2021,2,Eixample,6,la Sagrada Família,46,734
2021,2,Eixample,6,la Sagrada Família,47,818
2021,2,Eixample,6,la Sagrada Família,48,509
2021,2,Eixample,6,la Sagrada Família,49,832
2021,2,Eixample,6,la Sagrada Família,50,726
2021,2,Eixample,6,la Sagrada Família,51,849
2021,2,Eixample,6,la Sagrada Família,52,803
2021,2,Eixample,6,la Sagrada Família,53,779
2021,2,Eixample,6,la Sagrada Família,54,877
2021,2,Eixample,7,la Dreta de l'Eixample,55,788
2021,2,Eixample,7,la Dreta de l'Eixample,56,651
2021,2,Eixample,7,la Dreta de l'Eixample,57,672
2021,2,Eixample,7,la Dreta de l'Eixample,58,682
2021,2,Eixample,7,la Dreta de l'Eixample,59,825
2021,2,Eixample,7,la Dreta de l'Eixample,60,833
2021,2,Eixample,7,la Dreta de l'Eixample,61,681
2021,2,Eixample,7,la Dreta de l'Eixample,62,837
2021,2,Eixample,7,la Dreta de l'Eixample,63,798
2021,2,Eixample,7,la Dreta de l'Eixample,64,763
2021,2,Eixample,7,la Dreta de l'Eixample,65,954
2021,2,Eixample,7,la Dreta de l'Eixample,66,892
2021,2,Eixample,7,la Dreta de l'Eixample,67,779
2021,2,Eixample,7,la Dreta de l'Eixample,68,1340
2021,2,Eixample,7,la Dreta de l'Eixample,69,721
2021,2,Eixample,7,la Dreta de l'Eixample,70,825
2021,2,Eixample,7,la Dreta de l'Eixample,71,999
2021,2,Eixample,7,la Dreta de l'Eixample,72,751
2021,2,Eixample,7,la Dreta de l'Eixample,73,838
2021,2,Eixample,7,la Dreta de l'Eixample,74,709
2021,2,Eixample,7,la Dreta de l'Eixample,75,702
2021,2,Eixample,7,la Dreta de l'Eixample,76,940
2021,2,Eixample,7,la Dreta de l'Eixample,77,1670
2021,2,Eixample,7,la Dreta de l'Eixample,78,2443
2021,2,Eixample,7,la Dreta de l'Eixample,79,1637
2021,2,Eixample,7,la Dreta de l'Eixample,80,1481
2021,2,Eixample,7,la Dreta de l'Eixample,81,2047
2021,2,Eixample,7,la Dreta de l'Eixample,82,885
2021,2,Eixample,7,la Dreta de l'Eixample,83,2326
2021,2,Eixample,8,l'Antiga Esquerra de l'Eixample,84,2259
2021,2,Eixample,8,l'Antiga Esquerra de l'Eixample,85,1184
2021,2,Eixample,8,l'Antiga Esquerra de l'Eixample,86,982
2021,2,Eixample,8,l'Antiga Esquerra de l'Eixample,87,632
2021,2,Eixample,8,l'Antiga Esquerra de l'Eixample,88,945
2021,2,Eixample,8,l'Antiga Esquerra de l'Eixample,89,1192
2021,2,Eixample,8,l'Antiga Esquerra de l'Eixample,90,772
2021,2,Eixample,8,l'Antiga Esquerra de l'Eixample,91,903
2021,2,Eixample,8,l'Antiga Esquerra de l'Eixample,92,873
2021,2,Eixample,8,l'Antiga Esquerra de l'Eixample,93,797
2021,2,Eixample,8,l'Antiga Esquerra de l'Eixample,94,713
2021,2,Eixample,8,l'Antiga Esquerra de l'Eixample,95,730
2021,2,Eixample,8,l'Antiga Esquerra de l'Eixample,96,740
2021,2,Eixample,8,l'Antiga Esquerra de l'Eixample,97,486
2021,2,Eixample,8,l'Antiga Esquerra de l'Eixample,98,747
2021,2,Eixample,8,l'Antiga Esquerra de l'Eixample,99,758
2021,2,Eixample,8,l'Antiga Esquerra de l'Eixample,100,693
2021,2,Eixample,8,l'Antiga Esquerra de l'Eixample,101,970
2021,2,Eixample,8,l'Antiga Esquerra de l'Eixample,102,694
2021,2,Eixample,8,l'Antiga Esquerra de l'Eixample,103,766
2021,2,Eixample,8,l'Antiga Esquerra de l'Eixample,104,551
2021,2,Eixample,8,l'Antiga Esquerra de l'Eixample,105,912
2021,2,Eixample,8,l'Antiga Esquerra de l'Eixample,106,806
2021,2,Eixample,8,l'Antiga Esquerra de l'Eixample,107,965
2021,2,Eixample,8,l'Antiga Esquerra de l'Eixample,108,993
2021,2,Eixample,8,l'Antiga Esquerra de l'Eixample,109,1191
2021,2,Eixample,9,la Nova Esquerra de l'Eixample,110,933
2021,2,Eixample,9,la Nova Esquerra de l'Eixample,111,933
2021,2,Eixample,9,la Nova Esquerra de l'Eixample,112,848
2021,2,Eixample,9,la Nova Esquerra de l'Eixample,113,1344
2021,2,Eixample,9,la Nova Esquerra de l'Eixample,114,813
2021,2,Eixample,9,la Nova Esquerra de l'Eixample,115,561
2021,2,Eixample,9,la Nova Esquerra de l'Eixample,116,519
2021,2,Eixample,9,la Nova Esquerra de l'Eixample,117,686
2021,2,Eixample,9,la Nova Esquerra de l'Eixample,118,889
2021,2,Eixample,9,la Nova Esquerra de l'Eixample,119,655
2021,2,Eixample,9,la Nova Esquerra de l'Eixample,120,678
2021,2,Eixample,9,la Nova Esquerra de l'Eixample,121,677
2021,2,Eixample,9,la Nova Esquerra de l'Eixample,122,528
2021,2,Eixample,9,la Nova Esquerra de l'Eixample,123,515
2021,2,Eixample,9,la Nova Esquerra de l'Eixample,124,626
2021,2,Eixample,9,la Nova Esquerra de l'Eixample,125,782
2021,2,Eixample,9,la Nova Esquerra de l'Eixample,126,820
2021,2,Eixample,9,la Nova Esquerra de l'Eixample,127,1134
2021,2,Eixample,9,la Nova Esquerra de l'Eixample,128,506
2021,2,Eixample,9,la Nova Esquerra de l'Eixample,129,820
2021,2,Eixample,9,la Nova Esquerra de l'Eixample,130,667
2021,2,Eixample,9,la Nova Esquerra de l'Eixample,131,543
2021,2,Eixample,9,la Nova Esquerra de l'Eixample,132,575
2021,2,Eixample,9,la Nova Esquerra de l'Eixample,133,421
2021,2,Eixample,9,la Nova Esquerra de l'Eixample,134,690
2021,2,Eixample,9,la Nova Esquerra de l'Eixample,135,845
2021,2,Eixample,9,la Nova Esquerra de l'Eixample,136,449
2021,2,Eixample,9,la Nova Esquerra de l'Eixample,137,626
2021,2,Eixample,9,la Nova Esquerra de l'Eixample,138,941
2021,2,Eixample,9,la Nova Esquerra de l'Eixample,139,688
2021,2,Eixample,9,la Nova Esquerra de l'Eixample,140,892
2021,2,Eixample,9,la Nova Esquerra de l'Eixample,141,559
2021,2,Eixample,9,la Nova Esquerra de l'Eixample,142,781
2021,2,Eixample,9,la Nova Esquerra de l'Eixample,143,684
2021,2,Eixample,9,la Nova Esquerra de l'Eixample,144,612
2021,2,Eixample,9,la Nova Esquerra de l'Eixample,145,534
2021,2,Eixample,9,la Nova Esquerra de l'Eixample,146,660
2021,2,Eixample,9,la Nova Esquerra de l'Eixample,147,918
2021,2,Eixample,9,la Nova Esquerra de l'Eixample,148,840
2021,2,Eixample,9,la Nova Esquerra de l'Eixample,149,779
2021,2,Eixample,10,Sant Antoni,150,621
2021,2,Eixample,10,Sant Antoni,151,613
2021,2,Eixample,10,Sant Antoni,152,595
2021,2,Eixample,10,Sant Antoni,153,643
2021,2,Eixample,10,Sant Antoni,154,459
2021,2,Eixample,10,Sant Antoni,155,722
2021,2,Eixample,10,Sant Antoni,156,586
2021,2,Eixample,10,Sant Antoni,157,448
2021,2,Eixample,10,Sant Antoni,158,754
2021,2,Eixample,10,Sant Antoni,159,794
2021,2,Eixample,10,Sant Antoni,160,901
2021,2,Eixample,10,Sant Antoni,161,463
2021,2,Eixample,10,Sant Antoni,162,474
2021,2,Eixample,10,Sant Antoni,163,836
2021,2,Eixample,10,Sant Antoni,164,703
2021,2,Eixample,10,Sant Antoni,165,669
2021,2,Eixample,10,Sant Antoni,166,827
2021,2,Eixample,10,Sant Antoni,167,999
2021,2,Eixample,10,Sant Antoni,168,860
2021,2,Eixample,10,Sant Antoni,169,526
2021,2,Eixample,10,Sant Antoni,170,618
2021,2,Eixample,10,Sant Antoni,171,593
2021,2,Eixample,10,Sant Antoni,172,588
2021,2,Eixample,10,Sant Antoni,173,644
2021,3,Sants-Montjuïc,11,el Poble Sec,1,642
2021,3,Sants-Montjuïc,11,el Poble Sec,2,768
2021,3,Sants-Montjuïc,11,el Poble Sec,3,563
2021,3,Sants-Montjuïc,11,el Poble Sec,4,626
2021,3,Sants-Montjuïc,11,el Poble Sec,5,507
2021,3,Sants-Montjuïc,11,el Poble Sec,6,581
2021,3,Sants-Montjuïc,11,el Poble Sec,7,600
2021,3,Sants-Montjuïc,11,el Poble Sec,8,411
2021,3,Sants-Montjuïc,11,el Poble Sec,9,492
2021,3,Sants-Montjuïc,11,el Poble Sec,10,626
2021,3,Sants-Montjuïc,11,el Poble Sec,11,584
2021,3,Sants-Montjuïc,11,el Poble Sec,12,743
2021,3,Sants-Montjuïc,11,el Poble Sec,13,594
2021,3,Sants-Montjuïc,11,el Poble Sec,14,567
2021,3,Sants-Montjuïc,11,el Poble Sec,15,880
2021,3,Sants-Montjuïc,11,el Poble Sec,16,352
2021,3,Sants-Montjuïc,11,el Poble Sec,17,526
2021,3,Sants-Montjuïc,11,el Poble Sec,18,560
2021,3,Sants-Montjuïc,11,el Poble Sec,19,503
2021,3,Sants-Montjuïc,11,el Poble Sec,20,683
2021,3,Sants-Montjuïc,11,el Poble Sec,21,418
2021,3,Sants-Montjuïc,11,el Poble Sec,22,548
2021,3,Sants-Montjuïc,11,el Poble Sec,23,665
2021,3,Sants-Montjuïc,11,el Poble Sec,24,997
2021,3,Sants-Montjuïc,12,la Marina del Prat Vermell,25,10282
2021,3,Sants-Montjuïc,13,la Marina de Port,26,489
2021,3,Sants-Montjuïc,13,la Marina de Port,27,759
2021,3,Sants-Montjuïc,13,la Marina de Port,28,1180
2021,3,Sants-Montjuïc,13,la Marina de Port,29,521
2021,3,Sants-Montjuïc,13,la Marina de Port,30,851
2021,3,Sants-Montjuïc,13,la Marina de Port,31,1251
2021,3,Sants-Montjuïc,13,la Marina de Port,32,786
2021,3,Sants-Montjuïc,13,la Marina de Port,33,524
2021,3,Sants-Montjuïc,13,la Marina de Port,34,852
2021,3,Sants-Montjuïc,13,la Marina de Port,35,1165
2021,3,Sants-Montjuïc,13,la Marina de Port,36,1152
2021,3,Sants-Montjuïc,13,la Marina de Port,37,499
2021,3,Sants-Montjuïc,13,la Marina de Port,38,510
2021,3,Sants-Montjuïc,13,la Marina de Port,39,935
2021,3,Sants-Montjuïc,14,la Font de la Guatlla,40,910
2021,3,Sants-Montjuïc,14,la Font de la Guatlla,41,636
2021,3,Sants-Montjuïc,14,la Font de la Guatlla,42,674
2021,3,Sants-Montjuïc,14,la Font de la Guatlla,43,691
2021,3,Sants-Montjuïc,14,la Font de la Guatlla,44,793
2021,3,Sants-Montjuïc,14,la Font de la Guatlla,45,513
2021,3,Sants-Montjuïc,14,la Font de la Guatlla,46,703
2021,3,Sants-Montjuïc,15,Hostafrancs,47,777
2021,3,Sants-Montjuïc,15,Hostafrancs,48,768
2021,3,Sants-Montjuïc,15,Hostafrancs,49,683
2021,3,Sants-Montjuïc,15,Hostafrancs,50,612
2021,3,Sants-Montjuïc,15,Hostafrancs,51,701
2021,3,Sants-Montjuïc,15,Hostafrancs,52,477
2021,3,Sants-Montjuïc,15,Hostafrancs,53,796
2021,3,Sants-Montjuïc,15,Hostafrancs,54,759
2021,3,Sants-Montjuïc,15,Hostafrancs,55,657
2021,3,Sants-Montjuïc,15,Hostafrancs,56,430
2021,3,Sants-Montjuïc,16,la Bordeta,57,627
2021,3,Sants-Montjuïc,16,la Bordeta,58,663
2021,3,Sants-Montjuïc,16,la Bordeta,59,512
2021,3,Sants-Montjuïc,16,la Bordeta,60,594
2021,3,Sants-Montjuïc,16,la Bordeta,61,394
2021,3,Sants-Montjuïc,16,la Bordeta,62,667
2021,3,Sants-Montjuïc,16,la Bordeta,63,702
2021,3,Sants-Montjuïc,16,la Bordeta,64,721
2021,3,Sants-Montjuïc,16,la Bordeta,65,711
2021,3,Sants-Montjuïc,16,la Bordeta,66,1036
2021,3,Sants-Montjuïc,16,la Bordeta,67,786
2021,3,Sants-Montjuïc,16,la Bordeta,68,473
2021,3,Sants-Montjuïc,16,la Bordeta,69,550
2021,3,Sants-Montjuïc,17,Sants - Badal,70,590
2021,3,Sants-Montjuïc,17,Sants - Badal,71,440
2021,3,Sants-Montjuïc,17,Sants - Badal,72,511
2021,3,Sants-Montjuïc,17,Sants - Badal,73,652
2021,3,Sants-Montjuïc,17,Sants - Badal,74,802
2021,3,Sants-Montjuïc,17,Sants - Badal,75,716
2021,3,Sants-Montjuïc,17,Sants - Badal,76,429
2021,3,Sants-Montjuïc,17,Sants - Badal,77,548
2021,3,Sants-Montjuïc,17,Sants - Badal,78,642
2021,3,Sants-Montjuïc,17,Sants - Badal,79,645
2021,3,Sants-Montjuïc,17,Sants - Badal,80,618
2021,3,Sants-Montjuïc,17,Sants - Badal,81,837
2021,3,Sants-Montjuïc,17,Sants - Badal,82,887
2021,3,Sants-Montjuïc,17,Sants - Badal,83,624
2021,3,Sants-Montjuïc,17,Sants - Badal,84,712
2021,3,Sants-Montjuïc,17,Sants - Badal,85,621
2021,3,Sants-Montjuïc,18,Sants,86,723
2021,3,Sants-Montjuïc,18,Sants,87,680
2021,3,Sants-Montjuïc,18,Sants,88,638
2021,3,Sants-Montjuïc,18,Sants,89,563
2021,3,Sants-Montjuïc,18,Sants,90,402
2021,3,Sants-Montjuïc,18,Sants,91,632
2021,3,Sants-Montjuïc,18,Sants,92,553
2021,3,Sants-Montjuïc,18,Sants,93,772
2021,3,Sants-Montjuïc,18,Sants,94,445
2021,3,Sants-Montjuïc,18,Sants,95,641
2021,3,Sants-Montjuïc,18,Sants,96,607
2021,3,Sants-Montjuïc,18,Sants,97,515
2021,3,Sants-Montjuïc,18,Sants,98,504
2021,3,Sants-Montjuïc,18,Sants,99,368
2021,3,Sants-Montjuïc,18,Sants,100,475
2021,3,Sants-Montjuïc,18,Sants,101,530
2021,3,Sants-Montjuïc,18,Sants,102,536
2021,3,Sants-Montjuïc,18,Sants,103,460
2021,3,Sants-Montjuïc,18,Sants,104,562
2021,3,Sants-Montjuïc,18,Sants,105,431
2021,3,Sants-Montjuïc,18,Sants,106,517
2021,3,Sants-Montjuïc,18,Sants,107,777
2021,3,Sants-Montjuïc,18,Sants,108,660
2021,3,Sants-Montjuïc,18,Sants,109,648
2021,3,Sants-Montjuïc,18,Sants,110,671
2021,3,Sants-Montjuïc,18,Sants,111,609
2021,3,Sants-Montjuïc,18,Sants,112,890
2021,3,Sants-Montjuïc,18,Sants,113,836
2021,3,Sants-Montjuïc,18,Sants,114,849
2021,3,Sants-Montjuïc,13,la Marina de Port,211,772
2021,3,Sants-Montjuïc,13,la Marina de Port,212,1002
2021,3,Sants-Montjuïc,13,la Marina de Port,213,932
2021,4,Les Corts,19,les Corts,1,626
2021,4,Les Corts,19,les Corts,2,1017
2021,4,Les Corts,19,les Corts,3,591
2021,4,Les Corts,19,les Corts,4,514
2021,4,Les Corts,19,les Corts,5,588
2021,4,Les Corts,19,les Corts,6,558
2021,4,Les Corts,19,les Corts,7,500
2021,4,Les Corts,19,les Corts,8,466
2021,4,Les Corts,19,les Corts,9,687
2021,4,Les Corts,19,les Corts,10,464
2021,4,Les Corts,19,les Corts,11,987
2021,4,Les Corts,19,les Corts,12,829
2021,4,Les Corts,19,les Corts,13,760
2021,4,Les Corts,19,les Corts,14,357
2021,4,Les Corts,19,les Corts,15,938
2021,4,Les Corts,19,les Corts,16,586
2021,4,Les Corts,19,les Corts,17,730
2021,4,Les Corts,19,les Corts,18,865
2021,4,Les Corts,19,les Corts,19,922
2021,4,Les Corts,19,les Corts,20,842
2021,4,Les Corts,19,les Corts,21,1664
2021,4,Les Corts,19,les Corts,22,936
2021,4,Les Corts,19,les Corts,23,1104
2021,4,Les Corts,19,les Corts,24,1333
2021,4,Les Corts,19,les Corts,25,609
2021,4,Les Corts,19,les Corts,26,663
2021,4,Les Corts,19,les Corts,27,728
2021,4,Les Corts,19,les Corts,28,665
2021,4,Les Corts,19,les Corts,29,1068
2021,4,Les Corts,19,les Corts,30,1004
2021,4,Les Corts,19,les Corts,31,788
2021,4,Les Corts,19,les Corts,32,784
2021,4,Les Corts,19,les Corts,33,579
2021,4,Les Corts,19,les Corts,34,915
2021,4,Les Corts,19,les Corts,35,830
2021,4,Les Corts,20,la Maternitat i Sant Ramon,36,681
2021,4,Les Corts,20,la Maternitat i Sant Ramon,37,1169
2021,4,Les Corts,20,la Maternitat i Sant Ramon,38,695
2021,4,Les Corts,20,la Maternitat i Sant Ramon,39,648
2021,4,Les Corts,20,la Maternitat i Sant Ramon,40,669
2021,4,Les Corts,20,la Maternitat i Sant Ramon,41,587
2021,4,Les Corts,20,la Maternitat i Sant Ramon,42,767
2021,4,Les Corts,20,la Maternitat i Sant Ramon,43,979
2021,4,Les Corts,20,la Maternitat i Sant Ramon,44,922
2021,4,Les Corts,20,la Maternitat i Sant Ramon,45,717
2021,4,Les Corts,20,la Maternitat i Sant Ramon,46,1594
2021,4,Les Corts,20,la Maternitat i Sant Ramon,47,1039
2021,4,Les Corts,20,la Maternitat i Sant Ramon,48,858
2021,4,Les Corts,20,la Maternitat i Sant Ramon,49,1045
2021,4,Les Corts,21,Pedralbes,50,1536
2021,4,Les Corts,21,Pedralbes,51,1055
2021,4,Les Corts,21,Pedralbes,52,1957
2021,4,Les Corts,21,Pedralbes,53,1069
2021,4,Les Corts,21,Pedralbes,54,906
2021,4,Les Corts,21,Pedralbes,55,1535
2021,4,Les Corts,21,Pedralbes,56,1569
2021,4,Les Corts,20,la Maternitat i Sant Ramon,84,846
2021,5,Sarrià-Sant Gervasi,22,"Vallvidrera, el Tibidabo i les Planes",1,1128
2021,5,Sarrià-Sant Gervasi,22,"Vallvidrera, el Tibidabo i les Planes",2,1214
2021,5,Sarrià-Sant Gervasi,22,"Vallvidrera, el Tibidabo i les Planes",3,978
2021,5,Sarrià-Sant Gervasi,23,Sarrià,4,867
2021,5,Sarrià-Sant Gervasi,23,Sarrià,5,828
2021,5,Sarrià-Sant Gervasi,23,Sarrià,6,1530
2021,5,Sarrià-Sant Gervasi,23,Sarrià,7,983
2021,5,Sarrià-Sant Gervasi,23,Sarrià,8,1038
2021,5,Sarrià-Sant Gervasi,23,Sarrià,9,1089
2021,5,Sarrià-Sant Gervasi,23,Sarrià,10,956
2021,5,Sarrià-Sant Gervasi,23,Sarrià,11,834
2021,5,Sarrià-Sant Gervasi,23,Sarrià,12,939
2021,5,Sarrià-Sant Gervasi,23,Sarrià,13,1025
2021,5,Sarrià-Sant Gervasi,23,Sarrià,14,1108
2021,5,Sarrià-Sant Gervasi,23,Sarrià,15,873
2021,5,Sarrià-Sant Gervasi,23,Sarrià,16,940
2021,5,Sarrià-Sant Gervasi,23,Sarrià,17,1476
2021,5,Sarrià-Sant Gervasi,23,Sarrià,18,789
2021,5,Sarrià-Sant Gervasi,23,Sarrià,19,1256
2021,5,Sarrià-Sant Gervasi,24,les Tres Torres,20,791
2021,5,Sarrià-Sant Gervasi,24,les Tres Torres,21,760
2021,5,Sarrià-Sant Gervasi,24,les Tres Torres,22,1340
2021,5,Sarrià-Sant Gervasi,24,les Tres Torres,23,952
2021,5,Sarrià-Sant Gervasi,24,les Tres Torres,24,1620
2021,5,Sarrià-Sant Gervasi,24,les Tres Torres,25,1072
2021,5,Sarrià-Sant Gervasi,24,les Tres Torres,26,1227
2021,5,Sarrià-Sant Gervasi,24,les Tres Torres,27,1118
2021,5,Sarrià-Sant Gervasi,24,les Tres Torres,28,1171
2021,5,Sarrià-Sant Gervasi,24,les Tres Torres,29,1474
2021,5,Sarrià-Sant Gervasi,24,les Tres Torres,30,1181
2021,5,Sarrià-Sant Gervasi,25,Sant Gervasi - la Bonanova,31,1718
2021,5,Sarrià-Sant Gervasi,25,Sant Gervasi - la Bonanova,32,1386
2021,5,Sarrià-Sant Gervasi,25,Sant Gervasi - la Bonanova,33,1043
2021,5,Sarrià-Sant Gervasi,25,Sant Gervasi - la Bonanova,34,700
2021,5,Sarrià-Sant Gervasi,25,Sant Gervasi - la Bonanova,35,895
2021,5,Sarrià-Sant Gervasi,25,Sant Gervasi - la Bonanova,36,1276
2021,5,Sarrià-Sant Gervasi,25,Sant Gervasi - la Bonanova,37,901
2021,5,Sarrià-Sant Gervasi,25,Sant Gervasi - la Bonanova,38,913
2021,5,Sarrià-Sant Gervasi,25,Sant Gervasi - la Bonanova,39,1109
2021,5,Sarrià-Sant Gervasi,25,Sant Gervasi - la Bonanova,40,849
2021,5,Sarrià-Sant Gervasi,25,Sant Gervasi - la Bonanova,41,1014
2021,5,Sarrià-Sant Gervasi,25,Sant Gervasi - la Bonanova,42,745
2021,5,Sarrià-Sant Gervasi,25,Sant Gervasi - la Bonanova,43,878
2021,5,Sarrià-Sant Gervasi,25,Sant Gervasi - la Bonanova,44,806
2021,5,Sarrià-Sant Gervasi,25,Sant Gervasi - la Bonanova,45,1189
2021,5,Sarrià-Sant Gervasi,25,Sant Gervasi - la Bonanova,46,1008
2021,5,Sarrià-Sant Gervasi,25,Sant Gervasi - la Bonanova,47,908
2021,5,Sarrià-Sant Gervasi,25,Sant Gervasi - la Bonanova,48,988
2021,5,Sarrià-Sant Gervasi,26,Sant Gervasi - Galvany,49,1474
2021,5,Sarrià-Sant Gervasi,26,Sant Gervasi - Galvany,50,1161
2021,5,Sarrià-Sant Gervasi,26,Sant Gervasi - Galvany,51,1224
2021,5,Sarrià-Sant Gervasi,26,Sant Gervasi - Galvany,52,1132
2021,5,Sarrià-Sant Gervasi,26,Sant Gervasi - Galvany,53,1338
2021,5,Sarrià-Sant Gervasi,26,Sant Gervasi - Galvany,54,1029
2021,5,Sarrià-Sant Gervasi,26,Sant Gervasi - Galvany,55,1591
2021,5,Sarrià-Sant Gervasi,26,Sant Gervasi - Galvany,56,933
2021,5,Sarrià-Sant Gervasi,26,Sant Gervasi - Galvany,57,1469
2021,5,Sarrià-Sant Gervasi,26,Sant Gervasi - Galvany,58,1325
2021,5,Sarrià-Sant Gervasi,26,Sant Gervasi - Galvany,59,1534
2021,5,Sarrià-Sant Gervasi,26,Sant Gervasi - Galvany,60,938
2021,5,Sarrià-Sant Gervasi,26,Sant Gervasi - Galvany,61,1056
2021,5,Sarrià-Sant Gervasi,26,Sant Gervasi - Galvany,62,971
2021,5,Sarrià-Sant Gervasi,26,Sant Gervasi - Galvany,63,1013
2021,5,Sarrià-Sant Gervasi,26,Sant Gervasi - Galvany,64,936
2021,5,Sarrià-Sant Gervasi,26,Sant Gervasi - Galvany,65,1340
2021,5,Sarrià-Sant Gervasi,26,Sant Gervasi - Galvany,66,1003
2021,5,Sarrià-Sant Gervasi,26,Sant Gervasi - Galvany,67,1698
2021,5,Sarrià-Sant Gervasi,26,Sant Gervasi - Galvany,68,1458
2021,5,Sarrià-Sant Gervasi,26,Sant Gervasi - Galvany,69,1154
2021,5,Sarrià-Sant Gervasi,26,Sant Gervasi - Galvany,70,881
2021,5,Sarrià-Sant Gervasi,26,Sant Gervasi - Galvany,71,1034
2021,5,Sarrià-Sant Gervasi,26,Sant Gervasi - Galvany,72,1012
2021,5,Sarrià-Sant Gervasi,26,Sant Gervasi - Galvany,73,1142
2021,5,Sarrià-Sant Gervasi,26,Sant Gervasi - Galvany,74,1160
2021,5,Sarrià-Sant Gervasi,26,Sant Gervasi - Galvany,75,1423
2021,5,Sarrià-Sant Gervasi,26,Sant Gervasi - Galvany,76,940
2021,5,Sarrià-Sant Gervasi,26,Sant Gervasi - Galvany,77,1052
2021,5,Sarrià-Sant Gervasi,26,Sant Gervasi - Galvany,78,1366
2021,5,Sarrià-Sant Gervasi,26,Sant Gervasi - Galvany,79,820
2021,5,Sarrià-Sant Gervasi,27,el Putget i Farró,80,699
2021,5,Sarrià-Sant Gervasi,27,el Putget i Farró,81,966
2021,5,Sarrià-Sant Gervasi,27,el Putget i Farró,82,814
2021,5,Sarrià-Sant Gervasi,27,el Putget i Farró,83,698
2021,5,Sarrià-Sant Gervasi,27,el Putget i Farró,84,708
2021,5,Sarrià-Sant Gervasi,27,el Putget i Farró,85,679
2021,5,Sarrià-Sant Gervasi,27,el Putget i Farró,86,682
2021,5,Sarrià-Sant Gervasi,27,el Putget i Farró,87,1008
2021,5,Sarrià-Sant Gervasi,27,el Putget i Farró,88,1032
2021,5,Sarrià-Sant Gervasi,27,el Putget i Farró,89,1045
2021,5,Sarrià-Sant Gervasi,27,el Putget i Farró,90,1123
2021,5,Sarrià-Sant Gervasi,27,el Putget i Farró,91,840
2021,5,Sarrià-Sant Gervasi,27,el Putget i Farró,92,1018
2021,5,Sarrià-Sant Gervasi,27,el Putget i Farró,93,797
2021,5,Sarrià-Sant Gervasi,27,el Putget i Farró,94,1754
2021,5,Sarrià-Sant Gervasi,27,el Putget i Farró,95,885
2021,5,Sarrià-Sant Gervasi,27,el Putget i Farró,96,595
2021,5,Sarrià-Sant Gervasi,27,el Putget i Farró,97,1168
2021,5,Sarrià-Sant Gervasi,27,el Putget i Farró,98,853
2021,6,Gràcia,28,Vallcarca i els Penitents,1,602
2021,6,Gràcia,28,Vallcarca i els Penitents,2,750
2021,6,Gràcia,28,Vallcarca i els Penitents,3,1216
2021,6,Gràcia,28,Vallcarca i els Penitents,4,843
2021,6,Gràcia,28,Vallcarca i els Penitents,6,669
2021,6,Gràcia,28,Vallcarca i els Penitents,7,1014
2021,6,Gràcia,28,Vallcarca i els Penitents,8,1017
2021,6,Gràcia,28,Vallcarca i els Penitents,9,913
2021,6,Gràcia,28,Vallcarca i els Penitents,10,620
2021,6,Gràcia,28,Vallcarca i els Penitents,11,819
2021,6,Gràcia,28,Vallcarca i els Penitents,12,718
2021,6,Gràcia,29,el Coll,13,934
2021,6,Gràcia,29,el Coll,14,684
2021,6,Gràcia,29,el Coll,15,783
2021,6,Gràcia,29,el Coll,16,741
2021,6,Gràcia,29,el Coll,17,684
2021,6,Gràcia,30,la Salut,18,723
2021,6,Gràcia,30,la Salut,19,813
2021,6,Gràcia,30,la Salut,20,573
2021,6,Gràcia,30,la Salut,21,688
2021,6,Gràcia,30,la Salut,22,740
2021,6,Gràcia,30,la Salut,23,875
2021,6,Gràcia,30,la Salut,24,911
2021,6,Gràcia,30,la Salut,25,706
2021,6,Gràcia,30,la Salut,26,473
2021,6,Gràcia,30,la Salut,27,624
2021,6,Gràcia,31,Vila de Gràcia,28,560
2021,6,Gràcia,31,Vila de Gràcia,29,583
2021,6,Gràcia,31,Vila de Gràcia,30,590
2021,6,Gràcia,31,Vila de Gràcia,31,487
2021,6,Gràcia,31,Vila de Gràcia,32,546
2021,6,Gràcia,31,Vila de Gràcia,33,587
2021,6,Gràcia,31,Vila de Gràcia,34,713
2021,6,Gràcia,31,Vila de Gràcia,35,497
2021,6,Gràcia,31,Vila de Gràcia,36,880
2021,6,Gràcia,31,Vila de Gràcia,37,577
2021,6,Gràcia,31,Vila de Gràcia,38,554
2021,6,Gràcia,31,Vila de Gràcia,39,590
2021,6,Gràcia,31,Vila de Gràcia,40,756
2021,6,Gràcia,31,Vila de Gràcia,41,724
2021,6,Gràcia,31,Vila de Gràcia,42,841
2021,6,Gràcia,31,Vila de Gràcia,43,641
2021,6,Gràcia,31,Vila de Gràcia,44,1258
2021,6,Gràcia,31,Vila de Gràcia,45,678
2021,6,Gràcia,31,Vila de Gràcia,46,422
2021,6,Gràcia,31,Vila de Gràcia,47,422
2021,6,Gràcia,31,Vila de Gràcia,48,599
2021,6,Gràcia,31,Vila de Gràcia,49,420
2021,6,Gràcia,31,Vila de Gràcia,50,451
2021,6,Gràcia,31,Vila de Gràcia,51,444
2021,6,Gràcia,31,Vila de Gràcia,52,639
2021,6,Gràcia,31,Vila de Gràcia,53,578
2021,6,Gràcia,31,Vila de Gràcia,54,626
2021,6,Gràcia,31,Vila de Gràcia,55,489
2021,6,Gràcia,31,Vila de Gràcia,56,621
2021,6,Gràcia,31,Vila de Gràcia,57,578
2021,6,Gràcia,31,Vila de Gràcia,58,729
2021,6,Gràcia,31,Vila de Gràcia,59,628
2021,6,Gràcia,31,Vila de Gràcia,60,869
2021,6,Gràcia,31,Vila de Gràcia,61,571
2021,6,Gràcia,31,Vila de Gràcia,62,526
2021,6,Gràcia,31,Vila de Gràcia,63,637
2021,6,Gràcia,32,el Camp d'en Grassot i Gràcia Nova,64,883
2021,6,Gràcia,32,el Camp d'en Grassot i Gràcia Nova,65,511
2021,6,Gràcia,32,el Camp d'en Grassot i Gràcia Nova,66,446
2021,6,Gràcia,32,el Camp d'en Grassot i Gràcia Nova,67,824
2021,6,Gràcia,32,el Camp d'en Grassot i Gràcia Nova,68,801
2021,6,Gràcia,32,el Camp d'en Grassot i Gràcia Nova,69,482
2021,6,Gràcia,32,el Camp d'en Grassot i Gràcia Nova,70,812
2021,6,Gràcia,32,el Camp d'en Grassot i Gràcia Nova,71,555
2021,6,Gràcia,32,el Camp d'en Grassot i Gràcia Nova,72,755
2021,6,Gràcia,32,el Camp d'en Grassot i Gràcia Nova,73,735
2021,6,Gràcia,32,el Camp d'en Grassot i Gràcia Nova,74,467
2021,6,Gràcia,32,el Camp d'en Grassot i Gràcia Nova,75,654
2021,6,Gràcia,32,el Camp d'en Grassot i Gràcia Nova,76,686
2021,6,Gràcia,32,el Camp d'en Grassot i Gràcia Nova,77,541
2021,6,Gràcia,32,el Camp d'en Grassot i Gràcia Nova,78,625
2021,6,Gràcia,32,el Camp d'en Grassot i Gràcia Nova,79,561
2021,6,Gràcia,32,el Camp d'en Grassot i Gràcia Nova,80,540
2021,6,Gràcia,32,el Camp d'en Grassot i Gràcia Nova,81,582
2021,6,Gràcia,32,el Camp d'en Grassot i Gràcia Nova,82,843
2021,6,Gràcia,32,el Camp d'en Grassot i Gràcia Nova,83,863
2021,6,Gràcia,32,el Camp d'en Grassot i Gràcia Nova,84,710
2021,6,Gràcia,32,el Camp d'en Grassot i Gràcia Nova,85,650
2021,6,Gràcia,32,el Camp d'en Grassot i Gràcia Nova,86,592
2021,6,Gràcia,32,el Camp d'en Grassot i Gràcia Nova,87,1084
2021,6,Gràcia,32,el Camp d'en Grassot i Gràcia Nova,88,640
2021,7,Horta-Guinardó,33,el Baix Guinardó,1,748
2021,7,Horta-Guinardó,33,el Baix Guinardó,2,480
2021,7,Horta-Guinardó,33,el Baix Guinardó,3,591
2021,7,Horta-Guinardó,33,el Baix Guinardó,4,626
2021,7,Horta-Guinardó,33,el Baix Guinardó,5,589
2021,7,Horta-Guinardó,33,el Baix Guinardó,6,522
2021,7,Horta-Guinardó,33,el Baix Guinardó,7,492
2021,7,Horta-Guinardó,33,el Baix Guinardó,8,729
2021,7,Horta-Guinardó,33,el Baix Guinardó,9,511
2021,7,Horta-Guinardó,33,el Baix Guinardó,10,584
2021,7,Horta-Guinardó,33,el Baix Guinardó,11,445
2021,7,Horta-Guinardó,33,el Baix Guinardó,12,712
2021,7,Horta-Guinardó,33,el Baix Guinardó,13,676
2021,7,Horta-Guinardó,33,el Baix Guinardó,14,396
2021,7,Horta-Guinardó,33,el Baix Guinardó,15,735
2021,7,Horta-Guinardó,33,el Baix Guinardó,16,786
2021,7,Horta-Guinardó,33,el Baix Guinardó,17,698
2021,7,Horta-Guinardó,33,el Baix Guinardó,18,716
2021,7,Horta-Guinardó,33,el Baix Guinardó,19,731
2021,7,Horta-Guinardó,34,Can Baró,20,797
2021,7,Horta-Guinardó,34,Can Baró,21,683
2021,7,Horta-Guinardó,34,Can Baró,22,624
2021,7,Horta-Guinardó,34,Can Baró,23,751
2021,7,Horta-Guinardó,34,Can Baró,24,753
2021,7,Horta-Guinardó,34,Can Baró,25,741
2021,7,Horta-Guinardó,34,Can Baró,26,608
2021,7,Horta-Guinardó,35,el Guinardó,27,1008
2021,7,Horta-Guinardó,35,el Guinardó,28,791
2021,7,Horta-Guinardó,35,el Guinardó,29,610
2021,7,Horta-Guinardó,35,el Guinardó,30,609
2021,7,Horta-Guinardó,35,el Guinardó,31,725
2021,7,Horta-Guinardó,35,el Guinardó,32,621
2021,7,Horta-Guinardó,35,el Guinardó,33,744
2021,7,Horta-Guinardó,35,el Guinardó,34,806
2021,7,Horta-Guinardó,35,el Guinardó,35,960
2021,7,Horta-Guinardó,35,el Guinardó,36,697
2021,7,Horta-Guinardó,35,el Guinardó,37,691
2021,7,Horta-Guinardó,35,el Guinardó,38,1044
2021,7,Horta-Guinardó,35,el Guinardó,39,748
2021,7,Horta-Guinardó,35,el Guinardó,40,659
2021,7,Horta-Guinardó,35,el Guinardó,41,514
2021,7,Horta-Guinardó,35,el Guinardó,42,762
2021,7,Horta-Guinardó,35,el Guinardó,43,644
2021,7,Horta-Guinardó,35,el Guinardó,44,606
2021,7,Horta-Guinardó,35,el Guinardó,45,654
2021,7,Horta-Guinardó,35,el Guinardó,46,593
2021,7,Horta-Guinardó,35,el Guinardó,47,647
2021,7,Horta-Guinardó,35,el Guinardó,48,562
2021,7,Horta-Guinardó,35,el Guinardó,49,598
2021,7,Horta-Guinardó,35,el Guinardó,50,553
2021,7,Horta-Guinardó,35,el Guinardó,51,828
2021,7,Horta-Guinardó,36,la Font d'en Fargues,52,773
2021,7,Horta-Guinardó,36,la Font d'en Fargues,53,917
2021,7,Horta-Guinardó,36,la Font d'en Fargues,54,1118
2021,7,Horta-Guinardó,36,la Font d'en Fargues,55,759
2021,7,Horta-Guinardó,36,la Font d'en Fargues,56,743
2021,7,Horta-Guinardó,36,la Font d'en Fargues,57,828
2021,7,Horta-Guinardó,36,la Font d'en Fargues,58,842
2021,7,Horta-Guinardó,37,el Carmel,59,683
2021,7,Horta-Guinardó,37,el Carmel,60,1084
2021,7,Horta-Guinardó,37,el Carmel,61,724
2021,7,Horta-Guinardó,37,el Carmel,62,612
2021,7,Horta-Guinardó,37,el Carmel,63,751
2021,7,Horta-Guinardó,37,el Carmel,64,768
2021,7,Horta-Guinardó,37,el Carmel,65,748
2021,7,Horta-Guinardó,37,el Carmel,66,745
2021,7,Horta-Guinardó,37,el Carmel,67,697
2021,7,Horta-Guinardó,37,el Carmel,68,560
2021,7,Horta-Guinardó,37,el Carmel,69,594
2021,7,Horta-Guinardó,37,el Carmel,70,623
2021,7,Horta-Guinardó,37,el Carmel,71,617
2021,7,Horta-Guinardó,37,el Carmel,72,669
2021,7,Horta-Guinardó,37,el Carmel,73,495
2021,7,Horta-Guinardó,37,el Carmel,74,756
2021,7,Horta-Guinardó,37,el Carmel,75,520
2021,7,Horta-Guinardó,37,el Carmel,76,615
2021,7,Horta-Guinardó,37,el Carmel,77,634
2021,7,Horta-Guinardó,37,el Carmel,78,678
2021,7,Horta-Guinardó,37,el Carmel,79,654
2021,7,Horta-Guinardó,37,el Carmel,80,746
2021,7,Horta-Guinardó,38,la Teixonera,81,1094
2021,7,Horta-Guinardó,38,la Teixonera,82,565
2021,7,Horta-Guinardó,38,la Teixonera,83,657
2021,7,Horta-Guinardó,38,la Teixonera,84,717
2021,7,Horta-Guinardó,38,la Teixonera,85,674
2021,7,Horta-Guinardó,38,la Teixonera,86,724
2021,7,Horta-Guinardó,38,la Teixonera,87,790
2021,7,Horta-Guinardó,38,la Teixonera,88,732
2021,7,Horta-Guinardó,39,Sant Genís dels Agudells,89,662
2021,7,Horta-Guinardó,39,Sant Genís dels Agudells,90,974
2021,7,Horta-Guinardó,39,Sant Genís dels Agudells,91,614
2021,7,Horta-Guinardó,39,Sant Genís dels Agudells,92,521
2021,7,Horta-Guinardó,39,Sant Genís dels Agudells,93,734
2021,7,Horta-Guinardó,40,Montbau,94,554
2021,7,Horta-Guinardó,40,Montbau,95,798
2021,7,Horta-Guinardó,40,Montbau,96,638
2021,7,Horta-Guinardó,40,Montbau,97,386
2021,7,Horta-Guinardó,41,la Vall d'Hebron,98,1088
2021,7,Horta-Guinardó,41,la Vall d'Hebron,99,605
2021,7,Horta-Guinardó,41,la Vall d'Hebron,100,590
2021,7,Horta-Guinardó,41,la Vall d'Hebron,101,724
2021,7,Horta-Guinardó,42,la Clota,102,393
2021,7,Horta-Guinardó,43,Horta,103,829
2021,7,Horta-Guinardó,43,Horta,104,842
2021,7,Horta-Guinardó,43,Horta,105,610
2021,7,Horta-Guinardó,43,Horta,106,562
2021,7,Horta-Guinardó,43,Horta,107,686
2021,7,Horta-Guinardó,43,Horta,108,618
2021,7,Horta-Guinardó,43,Horta,109,730
2021,7,Horta-Guinardó,43,Horta,110,497
2021,7,Horta-Guinardó,43,Horta,111,497
2021,7,Horta-Guinardó,43,Horta,112,605
2021,7,Horta-Guinardó,43,Horta,113,528
2021,7,Horta-Guinardó,43,Horta,114,591
2021,7,Horta-Guinardó,43,Horta,115,592
2021,7,Horta-Guinardó,43,Horta,116,714
2021,7,Horta-Guinardó,43,Horta,117,564
2021,7,Horta-Guinardó,43,Horta,118,599
2021,7,Horta-Guinardó,43,Horta,119,525
2021,7,Horta-Guinardó,43,Horta,120,585
2021,7,Horta-Guinardó,43,Horta,121,450
2021,7,Horta-Guinardó,43,Horta,122,556
2021,7,Horta-Guinardó,43,Horta,123,668
2021,8,Nou Barris,44,Vilapicina i la Torre Llobeta,1,584
2021,8,Nou Barris,44,Vilapicina i la Torre Llobeta,2,595
2021,8,Nou Barris,44,Vilapicina i la Torre Llobeta,3,628
2021,8,Nou Barris,44,Vilapicina i la Torre Llobeta,4,595
2021,8,Nou Barris,44,Vilapicina i la Torre Llobeta,5,495
2021,8,Nou Barris,44,Vilapicina i la Torre Llobeta,6,748
2021,8,Nou Barris,44,Vilapicina i la Torre Llobeta,7,580
2021,8,Nou Barris,44,Vilapicina i la Torre Llobeta,8,753
2021,8,Nou Barris,44,Vilapicina i la Torre Llobeta,9,666
2021,8,Nou Barris,44,Vilapicina i la Torre Llobeta,10,606
2021,8,Nou Barris,44,Vilapicina i la Torre Llobeta,11,488
2021,8,Nou Barris,44,Vilapicina i la Torre Llobeta,12,526
2021,8,Nou Barris,44,Vilapicina i la Torre Llobeta,13,469
2021,8,Nou Barris,44,Vilapicina i la Torre Llobeta,14,475
2021,8,Nou Barris,44,Vilapicina i la Torre Llobeta,15,524
2021,8,Nou Barris,44,Vilapicina i la Torre Llobeta,16,484
2021,8,Nou Barris,44,Vilapicina i la Torre Llobeta,17,675
2021,8,Nou Barris,44,Vilapicina i la Torre Llobeta,18,543
2021,8,Nou Barris,44,Vilapicina i la Torre Llobeta,19,682
2021,8,Nou Barris,45,Porta,20,561
2021,8,Nou Barris,45,Porta,21,594
2021,8,Nou Barris,45,Porta,22,563
2021,8,Nou Barris,45,Porta,23,568
2021,8,Nou Barris,45,Porta,24,564
2021,8,Nou Barris,45,Porta,25,420
2021,8,Nou Barris,45,Porta,26,499
2021,8,Nou Barris,45,Porta,27,604
2021,8,Nou Barris,45,Porta,28,491
2021,8,Nou Barris,45,Porta,29,708
2021,8,Nou Barris,45,Porta,30,585
2021,8,Nou Barris,45,Porta,31,573
2021,8,Nou Barris,45,Porta,32,588
2021,8,Nou Barris,45,Porta,33,546
2021,8,Nou Barris,45,Porta,34,365
2021,8,Nou Barris,45,Porta,35,558
2021,8,Nou Barris,45,Porta,36,518
2021,8,Nou Barris,45,Porta,37,573
2021,8,Nou Barris,46,el Turó de la Peira,38,579
2021,8,Nou Barris,46,el Turó de la Peira,39,624
2021,8,Nou Barris,46,el Turó de la Peira,40,614
2021,8,Nou Barris,46,el Turó de la Peira,41,712
2021,8,Nou Barris,46,el Turó de la Peira,42,482
2021,8,Nou Barris,46,el Turó de la Peira,43,374
2021,8,Nou Barris,46,el Turó de la Peira,44,468
2021,8,Nou Barris,46,el Turó de la Peira,45,543
2021,8,Nou Barris,46,el Turó de la Peira,46,554
2021,8,Nou Barris,46,el Turó de la Peira,47,516
2021,8,Nou Barris,47,Can Peguera,48,411
2021,8,Nou Barris,47,Can Peguera,49,558
2021,8,Nou Barris,48,la Guineueta,50,629
2021,8,Nou Barris,48,la Guineueta,51,637
2021,8,Nou Barris,48,la Guineueta,52,440
2021,8,Nou Barris,48,la Guineueta,53,600
2021,8,Nou Barris,48,la Guineueta,54,733
2021,8,Nou Barris,48,la Guineueta,55,985
2021,8,Nou Barris,48,la Guineueta,56,627
2021,8,Nou Barris,48,la Guineueta,57,509
2021,8,Nou Barris,48,la Guineueta,58,633
2021,8,Nou Barris,48,la Guineueta,59,434
2021,8,Nou Barris,49,Canyelles,60,677
2021,8,Nou Barris,49,Canyelles,61,826
2021,8,Nou Barris,49,Canyelles,62,644
2021,8,Nou Barris,49,Canyelles,63,618
2021,8,Nou Barris,49,Canyelles,64,898
2021,8,Nou Barris,50,les Roquetes,65,769
2021,8,Nou Barris,50,les Roquetes,66,732
2021,8,Nou Barris,50,les Roquetes,67,816
2021,8,Nou Barris,50,les Roquetes,68,715
2021,8,Nou Barris,50,les Roquetes,69,639
2021,8,Nou Barris,50,les Roquetes,70,603
2021,8,Nou Barris,50,les Roquetes,71,749
2021,8,Nou Barris,50,les Roquetes,72,557
2021,8,Nou Barris,50,les Roquetes,73,654
2021,8,Nou Barris,50,les Roquetes,74,628
2021,8,Nou Barris,51,Verdun,75,724
2021,8,Nou Barris,51,Verdun,76,648
2021,8,Nou Barris,51,Verdun,77,545
2021,8,Nou Barris,51,Verdun,78,543
2021,8,Nou Barris,51,Verdun,79,565
2021,8,Nou Barris,51,Verdun,80,611
2021,8,Nou Barris,51,Verdun,81,517
2021,8,Nou Barris,51,Verdun,82,656
2021,8,Nou Barris,52,la Prosperitat,83,514
2021,8,Nou Barris,52,la Prosperitat,84,506
2021,8,Nou Barris,52,la Prosperitat,85,641
2021,8,Nou Barris,52,la Prosperitat,86,693
2021,8,Nou Barris,52,la Prosperitat,87,507
2021,8,Nou Barris,52,la Prosperitat,88,461
2021,8,Nou Barris,52,la Prosperitat,89,497
2021,8,Nou Barris,52,la Prosperitat,90,530
2021,8,Nou Barris,52,la Prosperitat,91,545
2021,8,Nou Barris,52,la Prosperitat,92,472
2021,8,Nou Barris,52,la Prosperitat,93,469
2021,8,Nou Barris,52,la Prosperitat,94,579
2021,8,Nou Barris,52,la Prosperitat,95,476
2021,8,Nou Barris,52,la Prosperitat,96,840
2021,8,Nou Barris,52,la Prosperitat,97,570
2021,8,Nou Barris,52,la Prosperitat,98,510
2021,8,Nou Barris,52,la Prosperitat,99,585
2021,8,Nou Barris,52,la Prosperitat,100,494
2021,8,Nou Barris,52,la Prosperitat,101,671
2021,8,Nou Barris,52,la Prosperitat,102,511
2021,8,Nou Barris,53,la Trinitat Nova,103,566
2021,8,Nou Barris,53,la Trinitat Nova,104,423
2021,8,Nou Barris,53,la Trinitat Nova,105,563
2021,8,Nou Barris,53,la Trinitat Nova,106,525
2021,8,Nou Barris,53,la Trinitat Nova,107,763
2021,8,Nou Barris,54,Torre Baró,108,905
2021,8,Nou Barris,54,Torre Baró,109,611
2021,8,Nou Barris,55,Ciutat Meridiana,110,676
2021,8,Nou Barris,55,Ciutat Meridiana,111,553
2021,8,Nou Barris,55,Ciutat Meridiana,112,603
2021,8,Nou Barris,55,Ciutat Meridiana,113,588
2021,8,Nou Barris,55,Ciutat Meridiana,114,770
2021,8,Nou Barris,55,Ciutat Meridiana,115,570
2021,8,Nou Barris,56,Vallbona,116,754
2021,8,Nou Barris,48,la Guineueta,215,596
2021,9,Sant Andreu,57,la Trinitat Vella,1,947
2021,9,Sant Andreu,57,la Trinitat Vella,2,878
2021,9,Sant Andreu,57,la Trinitat Vella,3,850
2021,9,Sant Andreu,57,la Trinitat Vella,4,620
2021,9,Sant Andreu,57,la Trinitat Vella,5,820
2021,9,Sant Andreu,58,Baró de Viver,6,510
2021,9,Sant Andreu,58,Baró de Viver,7,606
2021,9,Sant Andreu,59,el Bon Pastor,8,994
2021,9,Sant Andreu,59,el Bon Pastor,9,1314
2021,9,Sant Andreu,59,el Bon Pastor,10,871
2021,9,Sant Andreu,59,el Bon Pastor,11,724
2021,9,Sant Andreu,59,el Bon Pastor,13,760
2021,9,Sant Andreu,59,el Bon Pastor,14,687
2021,9,Sant Andreu,59,el Bon Pastor,15,2384
2021,9,Sant Andreu,60,Sant Andreu,16,678
2021,9,Sant Andreu,60,Sant Andreu,17,683
2021,9,Sant Andreu,60,Sant Andreu,18,675
2021,9,Sant Andreu,60,Sant Andreu,19,1358
2021,9,Sant Andreu,60,Sant Andreu,20,533
2021,9,Sant Andreu,60,Sant Andreu,21,754
2021,9,Sant Andreu,60,Sant Andreu,22,523
2021,9,Sant Andreu,60,Sant Andreu,23,575
2021,9,Sant Andreu,60,Sant Andreu,24,510
2021,9,Sant Andreu,60,Sant Andreu,25,558
2021,9,Sant Andreu,60,Sant Andreu,26,688
2021,9,Sant Andreu,60,Sant Andreu,27,720
2021,9,Sant Andreu,60,Sant Andreu,28,782
2021,9,Sant Andreu,60,Sant Andreu,29,490
2021,9,Sant Andreu,60,Sant Andreu,30,714
2021,9,Sant Andreu,60,Sant Andreu,31,562
2021,9,Sant Andreu,60,Sant Andreu,32,800
2021,9,Sant Andreu,60,Sant Andreu,33,1472
2021,9,Sant Andreu,60,Sant Andreu,34,654
2021,9,Sant Andreu,60,Sant Andreu,35,717
2021,9,Sant Andreu,60,Sant Andreu,36,623
2021,9,Sant Andreu,60,Sant Andreu,37,625
2021,9,Sant Andreu,60,Sant Andreu,38,806
2021,9,Sant Andreu,60,Sant Andreu,39,703
2021,9,Sant Andreu,60,Sant Andreu,40,726
2021,9,Sant Andreu,60,Sant Andreu,41,666
2021,9,Sant Andreu,60,Sant Andreu,42,621
2021,9,Sant Andreu,60,Sant Andreu,43,610
2021,9,Sant Andreu,60,Sant Andreu,44,696
2021,9,Sant Andreu,60,Sant Andreu,45,640
2021,9,Sant Andreu,60,Sant Andreu,46,657
2021,9,Sant Andreu,60,Sant Andreu,47,691
2021,9,Sant Andreu,60,Sant Andreu,48,624
2021,9,Sant Andreu,60,Sant Andreu,49,555
2021,9,Sant Andreu,60,Sant Andreu,50,686
2021,9,Sant Andreu,60,Sant Andreu,51,608
2021,9,Sant Andreu,60,Sant Andreu,52,500
2021,9,Sant Andreu,60,Sant Andreu,53,702
2021,9,Sant Andreu,60,Sant Andreu,54,450
2021,9,Sant Andreu,61,la Sagrera,55,841
2021,9,Sant Andreu,61,la Sagrera,56,542
2021,9,Sant Andreu,61,la Sagrera,57,683
2021,9,Sant Andreu,61,la Sagrera,58,618
2021,9,Sant Andreu,61,la Sagrera,59,552
2021,9,Sant Andreu,61,la Sagrera,60,605
2021,9,Sant Andreu,61,la Sagrera,61,846
2021,9,Sant Andreu,61,la Sagrera,62,484
2021,9,Sant Andreu,61,la Sagrera,63,594
2021,9,Sant Andreu,61,la Sagrera,64,643
2021,9,Sant Andreu,61,la Sagrera,65,903
2021,9,Sant Andreu,61,la Sagrera,66,695
2021,9,Sant Andreu,61,la Sagrera,67,528
2021,9,Sant Andreu,61,la Sagrera,68,683
2021,9,Sant Andreu,61,la Sagrera,69,334
2021,9,Sant Andreu,61,la Sagrera,70,638
2021,9,Sant Andreu,61,la Sagrera,71,754
2021,9,Sant Andreu,61,la Sagrera,72,492
2021,9,Sant Andreu,61,la Sagrera,73,677
2021,9,Sant Andreu,62,el Congrés i els Indians,74,652
2021,9,Sant Andreu,62,el Congrés i els Indians,75,596
2021,9,Sant Andreu,62,el Congrés i els Indians,76,609
2021,9,Sant Andreu,62,el Congrés i els Indians,77,616
2021,9,Sant Andreu,62,el Congrés i els Indians,78,668
2021,9,Sant Andreu,62,el Congrés i els Indians,79,681
2021,9,Sant Andreu,62,el Congrés i els Indians,80,586
2021,9,Sant Andreu,62,el Congrés i els Indians,81,761
2021,9,Sant Andreu,62,el Congrés i els Indians,82,866
2021,9,Sant Andreu,63,Navas,83,700
2021,9,Sant Andreu,63,Navas,84,824
2021,9,Sant Andreu,63,Navas,85,872
2021,9,Sant Andreu,63,Navas,86,614
2021,9,Sant Andreu,63,Navas,87,608
2021,9,Sant Andreu,63,Navas,88,719
2021,9,Sant Andreu,63,Navas,89,609
2021,9,Sant Andreu,63,Navas,90,707
2021,9,Sant Andreu,63,Navas,91,813
2021,9,Sant Andreu,63,Navas,92,964
2021,9,Sant Andreu,63,Navas,93,665
2021,9,Sant Andreu,63,Navas,94,918
2021,9,Sant Andreu,63,Navas,95,888
2021,9,Sant Andreu,61,la Sagrera,156,597
2021,10,Sant Martí,64,Camp de l'Arpa del Clot,1,661
2021,10,Sant Martí,64,Camp de l'Arpa del Clot,2,843
2021,10,Sant Martí,64,Camp de l'Arpa del Clot,3,625
2021,10,Sant Martí,64,Camp de l'Arpa del Clot,4,684
2021,10,Sant Martí,64,Camp de l'Arpa del Clot,5,835
2021,10,Sant Martí,64,Camp de l'Arpa del Clot,6,794
2021,10,Sant Martí,64,Camp de l'Arpa del Clot,7,762
2021,10,Sant Martí,64,Camp de l'Arpa del Clot,8,694
2021,10,Sant Martí,64,Camp de l'Arpa del Clot,9,637
2021,10,Sant Martí,64,Camp de l'Arpa del Clot,10,780
2021,10,Sant Martí,64,Camp de l'Arpa del Clot,11,541
2021,10,Sant Martí,64,Camp de l'Arpa del Clot,12,815
2021,10,Sant Martí,64,Camp de l'Arpa del Clot,13,596
2021,10,Sant Martí,64,Camp de l'Arpa del Clot,14,639
2021,10,Sant Martí,64,Camp de l'Arpa del Clot,15,850
2021,10,Sant Martí,64,Camp de l'Arpa del Clot,16,609
2021,10,Sant Martí,64,Camp de l'Arpa del Clot,17,714
2021,10,Sant Martí,64,Camp de l'Arpa del Clot,18,554
2021,10,Sant Martí,64,Camp de l'Arpa del Clot,19,668
2021,10,Sant Martí,64,Camp de l'Arpa del Clot,20,546
2021,10,Sant Martí,64,Camp de l'Arpa del Clot,21,592
2021,10,Sant Martí,64,Camp de l'Arpa del Clot,22,589
2021,10,Sant Martí,64,Camp de l'Arpa del Clot,23,605
2021,10,Sant Martí,64,Camp de l'Arpa del Clot,24,597
2021,10,Sant Martí,64,Camp de l'Arpa del Clot,25,536
2021,10,Sant Martí,65,el Clot,26,704
2021,10,Sant Martí,65,el Clot,27,695
2021,10,Sant Martí,65,el Clot,28,836
2021,10,Sant Martí,65,el Clot,29,610
2021,10,Sant Martí,65,el Clot,30,810
2021,10,Sant Martí,65,el Clot,31,644
2021,10,Sant Martí,65,el Clot,32,732
2021,10,Sant Martí,65,el Clot,33,435
2021,10,Sant Martí,65,el Clot,34,792
2021,10,Sant Martí,65,el Clot,35,969
2021,10,Sant Martí,65,el Clot,36,711
2021,10,Sant Martí,65,el Clot,37,376
2021,10,Sant Martí,65,el Clot,38,730
2021,10,Sant Martí,65,el Clot,39,700
2021,10,Sant Martí,65,el Clot,40,739
2021,10,Sant Martí,65,el Clot,41,762
2021,10,Sant Martí,66,el Parc i la Llacuna del Poblenou,42,1519
2021,10,Sant Martí,66,el Parc i la Llacuna del Poblenou,43,1805
2021,10,Sant Martí,66,el Parc i la Llacuna del Poblenou,44,738
2021,10,Sant Martí,66,el Parc i la Llacuna del Poblenou,45,2029
2021,10,Sant Martí,66,el Parc i la Llacuna del Poblenou,46,626
2021,10,Sant Martí,66,el Parc i la Llacuna del Poblenou,47,775
2021,10,Sant Martí,66,el Parc i la Llacuna del Poblenou,48,762
2021,10,Sant Martí,66,el Parc i la Llacuna del Poblenou,49,604
2021,10,Sant Martí,66,el Parc i la Llacuna del Poblenou,50,818
2021,10,Sant Martí,67,la Vila Olímpica del Poblenou,51,782
2021,10,Sant Martí,67,la Vila Olímpica del Poblenou,52,1412
2021,10,Sant Martí,67,la Vila Olímpica del Poblenou,53,1100
2021,10,Sant Martí,67,la Vila Olímpica del Poblenou,54,589
2021,10,Sant Martí,67,la Vila Olímpica del Poblenou,55,1695
2021,10,Sant Martí,68,el Poblenou,56,1271
2021,10,Sant Martí,68,el Poblenou,57,740
2021,10,Sant Martí,68,el Poblenou,58,1677
2021,10,Sant Martí,68,el Poblenou,59,792
2021,10,Sant Martí,68,el Poblenou,60,698
2021,10,Sant Martí,68,el Poblenou,61,906
2021,10,Sant Martí,68,el Poblenou,62,729
2021,10,Sant Martí,68,el Poblenou,63,561
2021,10,Sant Martí,68,el Poblenou,64,754
2021,10,Sant Martí,68,el Poblenou,65,688
2021,10,Sant Martí,68,el Poblenou,66,946
2021,10,Sant Martí,68,el Poblenou,67,807
2021,10,Sant Martí,68,el Poblenou,68,699
2021,10,Sant Martí,68,el Poblenou,69,890
2021,10,Sant Martí,68,el Poblenou,70,690
2021,10,Sant Martí,68,el Poblenou,71,928
2021,10,Sant Martí,68,el Poblenou,72,901
2021,10,Sant Martí,68,el Poblenou,73,685
2021,10,Sant Martí,68,el Poblenou,74,680
2021,10,Sant Martí,68,el Poblenou,75,677
2021,10,Sant Martí,69,Diagonal Mar i el Front Marítim del Poblenou,76,928
2021,10,Sant Martí,69,Diagonal Mar i el Front Marítim del Poblenou,77,881
2021,10,Sant Martí,69,Diagonal Mar i el Front Marítim del Poblenou,78,1141
2021,10,Sant Martí,69,Diagonal Mar i el Front Marítim del Poblenou,79,821
2021,10,Sant Martí,69,Diagonal Mar i el Front Marítim del Poblenou,80,1144
2021,10,Sant Martí,70,el Besòs i el Maresme,81,741
2021,10,Sant Martí,70,el Besòs i el Maresme,82,599
2021,10,Sant Martí,70,el Besòs i el Maresme,83,656
2021,10,Sant Martí,70,el Besòs i el Maresme,84,596
2021,10,Sant Martí,70,el Besòs i el Maresme,85,602
2021,10,Sant Martí,70,el Besòs i el Maresme,86,669
2021,10,Sant Martí,70,el Besòs i el Maresme,87,626
2021,10,Sant Martí,70,el Besòs i el Maresme,88,723
2021,10,Sant Martí,70,el Besòs i el Maresme,89,845
2021,10,Sant Martí,70,el Besòs i el Maresme,90,559
2021,10,Sant Martí,70,el Besòs i el Maresme,91,839
2021,10,Sant Martí,70,el Besòs i el Maresme,92,742
2021,10,Sant Martí,70,el Besòs i el Maresme,93,617
2021,10,Sant Martí,71,Provençals del Poblenou,94,1571
2021,10,Sant Martí,71,Provençals del Poblenou,95,598
2021,10,Sant Martí,71,Provençals del Poblenou,96,745
2021,10,Sant Martí,71,Provençals del Poblenou,97,679
2021,10,Sant Martí,71,Provençals del Poblenou,98,1047
2021,10,Sant Martí,71,Provençals del Poblenou,99,415
2021,10,Sant Martí,71,Provençals del Poblenou,100,824
2021,10,Sant Martí,71,Provençals del Poblenou,101,1324
2021,10,Sant Martí,71,Provençals del Poblenou,102,1163
2021,10,Sant Martí,71,Provençals del Poblenou,103,1119
2021,10,Sant Martí,71,Provençals del Poblenou,104,885
2021,10,Sant Martí,72,Sant Martí de Provençals,105,1095
2021,10,Sant Martí,72,Sant Martí de Provençals,106,483
2021,10,Sant Martí,72,Sant Martí de Provençals,107,778
2021,10,Sant Martí,72,Sant Martí de Provençals,108,615
2021,10,Sant Martí,72,Sant Martí de Provençals,109,606
2021,10,Sant Martí,72,Sant Martí de Provençals,110,616
2021,10,Sant Martí,72,Sant Martí de Provençals,111,663
2021,10,Sant Martí,72,Sant Martí de Provençals,112,825
2021,10,Sant Martí,72,Sant Martí de Provençals,113,490
2021,10,Sant Martí,72,Sant Martí de Provençals,114,583
2021,10,Sant Martí,72,Sant Martí de Provençals,115,542
2021,10,Sant Martí,72,Sant Martí de Provençals,116,734
2021,10,Sant Martí,72,Sant Martí de Provençals,117,613
2021,10,Sant Martí,72,Sant Martí de Provençals,118,566
2021,10,Sant Martí,72,Sant Martí de Provençals,119,429
2021,10,Sant Martí,72,Sant Martí de Provençals,120,612
2021,10,Sant Martí,72,Sant Martí de Provençals,121,601
2021,10,Sant Martí,72,Sant Martí de Provençals,122,836
2021,10,Sant Martí,73,la Verneda i la Pau,123,644
2021,10,Sant Martí,73,la Verneda i la Pau,124,572
2021,10,Sant Martí,73,la Verneda i la Pau,125,512
2021,10,Sant Martí,73,la Verneda i la Pau,126,543
2021,10,Sant Martí,73,la Verneda i la Pau,127,450
2021,10,Sant Martí,73,la Verneda i la Pau,128,786
2021,10,Sant Martí,73,la Verneda i la Pau,129,643
2021,10,Sant Martí,73,la Verneda i la Pau,130,522
2021,10,Sant Martí,73,la Verneda i la Pau,131,599
2021,10,Sant Martí,73,la Verneda i la Pau,132,565
2021,10,Sant Martí,73,la Verneda i la Pau,133,772
2021,10,Sant Martí,73,la Verneda i la Pau,134,559
2021,10,Sant Martí,73,la Verneda i la Pau,135,713
2021,10,Sant Martí,73,la Verneda i la Pau,136,561
2021,10,Sant Martí,73,la Verneda i la Pau,137,1079
2021,10,Sant Martí,73,la Verneda i la Pau,138,622
2021,10,Sant Martí,73,la Verneda i la Pau,139,620
2021,10,Sant Martí,73,la Verneda i la Pau,140,576
2021,10,Sant Martí,73,la Verneda i la Pau,141,443
2021,10,Sant Martí,73,la Verneda i la Pau,142,561
2021,10,Sant Martí,73,la Verneda i la Pau,143,734
2021,10,Sant Martí,65,el Clot,234,793
2021,10,Sant Martí,69,Diagonal Mar i el Front Marítim del Poblenou,235,562
2021,10,Sant Martí,69,Diagonal Mar i el Front Marítim del Poblenou,236,654
2021,10,Sant Martí,71,Provençals del Poblenou,237,466
2021,No consta,No consta,No consta,No consta,No consta,394
