Any,Codi_Districte,Nom_Districte,Codi_Barri,Nom_Barri,Seccio_Censal,Import_Euros
2021,1,Ciutat Vella,1,el Raval,1,11166
2021,1,Ciutat Vella,1,el Raval,2,9115
2021,1,Ciutat Vella,1,el Raval,3,9431
2021,1,Ciutat Vella,1,el Raval,4,10898
2021,1,Ciutat Vella,1,el Raval,5,9717
2021,1,Ciutat Vella,1,el Raval,6,10214
2021,1,Ciutat Vella,1,el Raval,7,9880
2021,1,Ciutat Vella,1,el Raval,8,7755
2021,1,Ciutat Vella,1,el Raval,9,10011
2021,1,Ciutat Vella,1,el Raval,10,8936
2021,1,Ciutat Vella,1,el Raval,11,8137
2021,1,Ciutat Vella,1,el Raval,12,10578
2021,1,Ciutat Vella,1,el Raval,13,10757
2021,1,Ciutat Vella,1,el Raval,14,10052
2021,1,Ciutat Vella,1,el Raval,15,10444
2021,1,Ciutat Vella,1,el Raval,16,9623
2021,1,Ciutat Vella,1,el Raval,17,9048
2021,1,Ciutat Vella,1,el Raval,18,9854
2021,1,Ciutat Vella,1,el Raval,19,9665
2021,1,Ciutat Vella,1,el Raval,20,14725
2021,1,Ciutat Vella,1,el Raval,21,14304
2021,1,Ciutat Vella,2,el Barri Gòtic,22,15141
2021,1,Ciutat Vella,2,el Barri Gòtic,23,15038
2021,1,Ciutat Vella,2,el Barri Gòtic,25,14081
2021,1,Ciutat Vella,2,el Barri Gòtic,26,14859
2021,1,Ciutat Vella,2,el Barri Gòtic,27,13379
2021,1,Ciutat Vella,2,el Barri Gòtic,28,12429
2021,1,Ciutat Vella,2,el Barri Gòtic,29,11413
2021,1,Ciutat Vella,2,el Barri Gòtic,30,11300
2021,1,Ciutat Vella,2,el Barri Gòtic,31,11604
2021,1,Ciutat Vella,3,la Barceloneta,32,15133
2021,1,Ciutat Vella,3,la Barceloneta,33,12890
2021,1,Ciutat Vella,3,la Barceloneta,34,13175
2021,1,Ciutat Vella,3,la Barceloneta,35,12947
2021,1,Ciutat Vella,3,la Barceloneta,36,13476
2021,1,Ciutat Vella,3,la Barceloneta,37,13402
2021,1,Ciutat Vella,3,la Barceloneta,38,12033
2021,1,Ciutat Vella,3,la Barceloneta,39,13289
2021,1,Ciutat Vella,3,la Barceloneta,40,13332
2021,1,Ciutat Vella,3,la Barceloneta,41,11903
2021,1,Ciutat Vella,3,la Barceloneta,42,13567
2021,1,Ciutat Vella,4,"Sant Pere, Santa Caterina i la Ribera",43,17964
2021,1,Ciutat Vella,4,"Sant Pere, Santa Caterina i la Ribera",44,16272
2021,1,Ciutat Vella,4,"Sant Pere, Santa Caterina i la Ribera",45,14198
2021,1,Ciutat Vella,4,"Sant Pere, Santa Caterina i la Ribera",46,12601
2021,1,Ciutat Vella,4,"Sant Pere, Santa Caterina i la Ribera",47,13294
2021,1,Ciutat Vella,4,"Sant Pere, Santa Caterina i la Ribera",48,10784
2021,1,Ciutat Vella,4,"Sant Pere, Santa Caterina i la Ribera",49,13097
2021,1,Ciutat Vella,4,"Sant Pere, Santa Caterina i la Ribera",50,13589
2021,1,Ciutat Vella,4,"Sant Pere, Santa Caterina i la Ribera",51,11908
2021,1,Ciutat Vella,4,"Sant Pere, Santa Caterina i la Ribera",52,17727
2021,1,Ciutat Vella,4,"Sant Pere, Santa Caterina i la Ribera",53,12487
2021,1,Ciutat Vella,4,"Sant Pere, Santa Caterina i la Ribera",54,13563
2021,1,Ciutat Vella,4,"Sant Pere, Santa Caterina i la Ribera",55,17342
2021,2,L'Eixample,5,el Fort Pienc,1,17360
2021,2,L'Eixample,5,el Fort Pienc,2,18298
2021,2,L'Eixample,5,el Fort Pienc,3,20487
2021,2,L'Eixample,5,el Fort Pienc,4,14770
2021,2,L'Eixample,5,el Fort Pienc,5,19933
2021,2,L'Eixample,5,el Fort Pienc,6,20119
2021,2,L'Eixample,5,el Fort Pienc,7,20950
2021,2,L'Eixample,5,el Fort Pienc,8,19176
2021,2,L'Eixample,5,el Fort Pienc,9,18832
2021,2,L'Eixample,5,el Fort Pienc,10,17709
2021,2,L'Eixample,5,el Fort Pienc,11,18661
2021,2,L'Eixample,5,el Fort Pienc,12,15460
2021,2,L'Eixample,5,el Fort Pienc,13,16269
2021,2,L'Eixample,5,el Fort Pienc,14,14867
2021,2,L'Eixample,5,el Fort Pienc,15,15300
2021,2,L'Eixample,5,el Fort Pienc,16,19727
2021,2,L'Eixample,5,el Fort Pienc,17,19271
2021,2,L'Eixample,5,el Fort Pienc,18,19442
2021,2,L'Eixample,5,el Fort Pienc,19,18071
2021,2,L'Eixample,5,el Fort Pienc,20,16179
2021,2,L'Eixample,6,la Sagrada Família,21,17317
2021,2,L'Eixample,6,la Sagrada Família,22,17604
2021,2,L'Eixample,6,la Sagrada Família,23,18726
2021,2,L'Eixample,6,la Sagrada Família,24,16799
2021,2,L'Eixample,6,la Sagrada Família,25,17109
2021,2,L'Eixample,6,la Sagrada Família,26,18083
2021,2,L'Eixample,6,la Sagrada Família,27,17722
2021,2,L'Eixample,6,la Sagrada Família,28,17634
2021,2,L'Eixample,6,la Sagrada Família,29,18484
2021,2,L'Eixample,6,la Sagrada Família,30,14734
2021,2,L'Eixample,6,la Sagrada Família,31,18904
2021,2,L'Eixample,6,la Sagrada Família,32,18104
2021,2,L'Eixample,6,la Sagrada Família,33,17289
2021,2,L'Eixample,6,la Sagrada Família,34,15736
2021,2,L'Eixample,6,la Sagrada Família,35,18096
2021,2,L'Eixample,6,la Sagrada Família,36,19667
2021,2,L'Eixample,6,la Sagrada Família,37,19484
2021,2,L'Eixample,6,la Sagrada Família,38,19996
2021,2,L'Eixample,6,la Sagrada Família,39,17259
2021,2,L'Eixample,6,la Sagrada Família,40,15952
2021,2,L'Eixample,6,la Sagrada Família,41,17755
2021,2,L'Eixample,6,la Sagrada Família,42,20134
2021,2,L'Eixample,6,la Sagrada Família,43,18660
2021,2,L'Eixample,6,la Sagrada Família,44,15721
2021,2,L'Eixample,6,la Sagrada Família,45,18535
2021,2,L'Eixample,6,la Sagrada Família,46,16440
2021,2,L'Eixample,6,la Sagrada Família,47,17138
2021,2,L'Eixample,6,la Sagrada Família,48,16423
2021,2,L'Eixample,6,la Sagrada Família,49,16513
2021,2,L'Eixample,6,la Sagrada Família,50,17613
2021,2,L'Eixample,6,la Sagrada Família,51,15763
2021,2,L'Eixample,6,la Sagrada Família,52,18709
2021,2,L'Eixample,6,la Sagrada Família,53,19165
2021,2,L'Eixample,6,la Sagrada Família,54,18069
2021,2,L'Eixample,7,la Dreta de l'Eixample,55,18909
2021,2,L'Eixample,7,la Dreta de l'Eixample,56,19330
2021,2,L'Eixample,7,la Dreta de l'Eixample,57,21523
2021,2,L'Eixample,7,la Dreta de l'Eixample,58,21830
2021,2,L'Eixample,7,la Dreta de l'Eixample,59,20727
2021,2,L'Eixample,7,la Dreta de l'Eixample,60,20529
2021,2,L'Eixample,7,la Dreta de l'Eixample,61,19310
2021,2,L'Eixample,7,la Dreta de l'Eixample,62,22087
2021,2,L'Eixample,7,la Dreta de l'Eixample,63,26639
2021,2,L'Eixample,7,la Dreta de l'Eixample,64,24745
2021,2,L'Eixample,7,la Dreta de l'Eixample,65,20403
2021,2,L'Eixample,7,la Dreta de l'Eixample,66,19980
2021,2,L'Eixample,7,la Dreta de l'Eixample,67,17865
2021,2,L'Eixample,7,la Dreta de l'Eixample,68,18113
2021,2,L'Eixample,7,la Dreta de l'Eixample,69,21546
2021,2,L'Eixample,7,la Dreta de l'Eixample,70,23478
2021,2,L'Eixample,7,la Dreta de l'Eixample,71,23431
2021,2,L'Eixample,7,la Dreta de l'Eixample,72,25710
2021,2,L'Eixample,7,la Dreta de l'Eixample,73,22981
2021,2,L'Eixample,7,la Dreta de l'Eixample,74,22346
2021,2,L'Eixample,7,la Dreta de l'Eixample,75,21690
2021,2,L'Eixample,7,la Dreta de l'Eixample,76,23065
2021,2,L'Eixample,7,la Dreta de l'Eixample,77,20255
2021,2,L'Eixample,7,la Dreta de l'Eixample,78,22793
2021,2,L'Eixample,7,la Dreta de l'Eixample,79,25585
2021,2,L'Eixample,7,la Dreta de l'Eixample,80,23579
2021,2,L'Eixample,7,la Dreta de l'Eixample,81,23739
2021,2,L'Eixample,7,la Dreta de l'Eixample,82,23306
2021,2,L'Eixample,7,la Dreta de l'Eixample,83,24587
2021,2,L'Eixample,8,l'Antiga Esquerra de l'Eixample,84,21309
2021,2,L'Eixample,8,l'Antiga Esquerra de l'Eixample,85,22742
2021,2,L'Eixample,8,l'Antiga Esquerra de l'Eixample,86,23534
2021,2,L'Eixample,8,l'Antiga Esquerra de l'Eixample,87,21878
2021,2,L'Eixample,8,l'Antiga Esquerra de l'Eixample,88,23664
2021,2,L'Eixample,8,l'Antiga Esquerra de l'Eixample,89,22208
2021,2,L'Eixample,8,l'Antiga Esquerra de l'Eixample,90,18827
2021,2,L'Eixample,8,l'Antiga Esquerra de l'Eixample,91,20757
2021,2,L'Eixample,8,l'Antiga Esquerra de l'Eixample,92,18926
2021,2,L'Eixample,8,l'Antiga Esquerra de l'Eixample,93,20906
2021,2,L'Eixample,8,l'Antiga Esquerra de l'Eixample,94,20610
2021,2,L'Eixample,8,l'Antiga Esquerra de l'Eixample,95,19778
2021,2,L'Eixample,8,l'Antiga Esquerra de l'Eixample,96,19220
2021,2,L'Eixample,8,l'Antiga Esquerra de l'Eixample,97,18395
2021,2,L'Eixample,8,l'Antiga Esquerra de l'Eixample,98,19540
2021,2,L'Eixample,8,l'Antiga Esquerra de l'Eixample,99,21069
2021,2,L'Eixample,8,l'Antiga Esquerra de l'Eixample,100,20966
2021,2,L'Eixample,8,l'Antiga Esquerra de l'Eixample,101,19595
2021,2,L'Eixample,8,l'Antiga Esquerra de l'Eixample,102,22918
2021,2,L'Eixample,8,l'Antiga Esquerra de l'Eixample,103,18186
2021,2,L'Eixample,8,l'Antiga Esquerra de l'Eixample,104,21982
2021,2,L'Eixample,8,l'Antiga Esquerra de l'Eixample,105,18362
2021,2,L'Eixample,8,l'Antiga Esquerra de l'Eixample,106,22833
2021,2,L'Eixample,8,l'Antiga Esquerra de l'Eixample,107,22415
2021,2,L'Eixample,8,l'Antiga Esquerra de l'Eixample,108,23588
2021,2,L'Eixample,8,l'Antiga Esquerra de l'Eixample,109,25041
2021,2,L'Eixample,9,la Nova Esquerra de l'Eixample,110,19807
2021,2,L'Eixample,9,la Nova Esquerra de l'Eixample,111,20187
2021,2,L'Eixample,9,la Nova Esquerra de l'Eixample,112,25168
2021,2,L'Eixample,9,la Nova Esquerra de l'Eixample,113,22820
2021,2,L'Eixample,9,la Nova Esquerra de l'Eixample,114,19902
2021,2,L'Eixample,9,la Nova Esquerra de l'Eixample,115,19295
2021,2,L'Eixample,9,la Nova Esquerra de l'Eixample,116,23599
2021,2,L'Eixample,9,la Nova Esquerra de l'Eixample,117,19934
2021,2,L'Eixample,9,la Nova Esquerra de l'Eixample,118,22115
2021,2,L'Eixample,9,la Nova Esquerra de l'Eixample,119,21194
2021,2,L'Eixample,9,la Nova Esquerra de l'Eixample,120,20539
2021,2,L'Eixample,9,la Nova Esquerra de l'Eixample,121,21153
2021,2,L'Eixample,9,la Nova Esquerra de l'Eixample,122,22307
2021,2,L'Eixample,9,la Nova Esquerra de l'Eixample,123,20294
2021,2,L'Eixample,9,la Nova Esquerra de l'Eixample,124,21550
2021,2,L'Eixample,9,la Nova Esquerra de l'Eixample,125,19386
2021,2,L'Eixample,9,la Nova Esquerra de l'Eixample,126,20203
2021,2,L'Eixample,9,la Nova Esquerra de l'Eixample,127,19190
2021,2,L'Eixample,9,la Nova Esquerra de l'Eixample,128,17733
2021,2,L'Eixample,9,la Nova Esquerra de l'Eixample,129,19347
2021,2,L'Eixample,9,la Nova Esquerra de l'Eixample,130,27558
2021,2,L'Eixample,9,la Nova Esquerra de l'Eixample,131,19073
2021,2,L'Eixample,9,la Nova Esquerra de l'Eixample,132,20403
2021,2,L'Eixample,9,la Nova Esquerra de l'Eixample,133,21245
2021,2,L'Eixample,9,la Nova Esquerra de l'Eixample,134,18761
2021,2,L'Eixample,9,la Nova Esquerra de l'Eixample,135,17714
2021,2,L'Eixample,9,la Nova Esquerra de l'Eixample,136,20442
2021,2,L'Eixample,9,la Nova Esquerra de l'Eixample,137,17649
2021,2,L'Eixample,9,la Nova Esquerra de l'Eixample,138,19523
2021,2,L'Eixample,9,la Nova Esquerra de l'Eixample,139,18339
2021,2,L'Eixample,9,la Nova Esquerra de l'Eixample,140,19163
2021,2,L'Eixample,9,la Nova Esquerra de l'Eixample,141,17975
2021,2,L'Eixample,9,la Nova Esquerra de l'Eixample,142,16885
2021,2,L'Eixample,9,la Nova Esquerra de l'Eixample,143,18211
2021,2,L'Eixample,9,la Nova Esquerra de l'Eixample,144,20931
2021,2,L'Eixample,9,la Nova Esquerra de l'Eixample,145,17652
2021,2,L'Eixample,9,la Nova Esquerra de l'Eixample,146,18025
2021,2,L'Eixample,9,la Nova Esquerra de l'Eixample,147,17981
2021,2,L'Eixample,9,la Nova Esquerra de l'Eixample,148,20238
2021,2,L'Eixample,9,la Nova Esquerra de l'Eixample,149,17709
2021,2,L'Eixample,10,Sant Antoni,150,16410
2021,2,L'Eixample,10,Sant Antoni,151,18345
2021,2,L'Eixample,10,Sant Antoni,152,19827
2021,2,L'Eixample,10,Sant Antoni,153,19322
2021,2,L'Eixample,10,Sant Antoni,154,15599
2021,2,L'Eixample,10,Sant Antoni,155,16523
2021,2,L'Eixample,10,Sant Antoni,156,18283
2021,2,L'Eixample,10,Sant Antoni,157,17057
2021,2,L'Eixample,10,Sant Antoni,158,17976
2021,2,L'Eixample,10,Sant Antoni,159,17571
2021,2,L'Eixample,10,Sant Antoni,160,19971
2021,2,L'Eixample,10,Sant Antoni,161,17628
2021,2,L'Eixample,10,Sant Antoni,162,16864
2021,2,L'Eixample,10,Sant Antoni,163,19768
2021,2,L'Eixample,10,Sant Antoni,164,18527
2021,2,L'Eixample,10,Sant Antoni,165,18275
2021,2,L'Eixample,10,Sant Antoni,166,17215
2021,2,L'Eixample,10,Sant Antoni,167,17274
2021,2,L'Eixample,10,Sant Antoni,168,17738
2021,2,L'Eixample,10,Sant Antoni,169,17432
2021,2,L'Eixample,10,Sant Antoni,170,17008
2021,2,L'Eixample,10,Sant Antoni,171,15879
2021,2,L'Eixample,10,Sant Antoni,172,16511
2021,2,L'Eixample,10,Sant Antoni,173,17459
2021,3,Sants-Montjuïc,11,el Poble Sec,1,14247
2021,3,Sants-Montjuïc,11,el Poble Sec,2,13238
2021,3,Sants-Montjuïc,11,el Poble Sec,3,12578
2021,3,Sants-Montjuïc,11,el Poble Sec,4,15018
2021,3,Sants-Montjuïc,11,el Poble Sec,5,13965
2021,3,Sants-Montjuïc,11,el Poble Sec,6,13622
2021,3,Sants-Montjuïc,11,el Poble Sec,7,14036
2021,3,Sants-Montjuïc,11,el Poble Sec,8,13008
2021,3,Sants-Montjuïc,11,el Poble Sec,9,14594
2021,3,Sants-Montjuïc,11,el Poble Sec,10,12625
2021,3,Sants-Montjuïc,11,el Poble Sec,11,11481
2021,3,Sants-Montjuïc,11,el Poble Sec,12,13185
2021,3,Sants-Montjuïc,11,el Poble Sec,13,12518
2021,3,Sants-Montjuïc,11,el Poble Sec,14,12020
2021,3,Sants-Montjuïc,11,el Poble Sec,15,12854
2021,3,Sants-Montjuïc,11,el Poble Sec,16,11779
2021,3,Sants-Montjuïc,11,el Poble Sec,17,11728
2021,3,Sants-Montjuïc,11,el Poble Sec,18,13871
2021,3,Sants-Montjuïc,11,el Poble Sec,19,12919
2021,3,Sants-Montjuïc,11,el Poble Sec,20,15696
2021,3,Sants-Montjuïc,11,el Poble Sec,21,15268
2021,3,Sants-Montjuïc,11,el Poble Sec,22,14977
2021,3,Sants-Montjuïc,11,el Poble Sec,23,12823
2021,3,Sants-Montjuïc,11,el Poble Sec,24,13386
2021,3,Sants-Montjuïc,12,la Marina del Prat Vermell,25,11802
2021,3,Sants-Montjuïc,13,la Marina de Port,26,13981
2021,3,Sants-Montjuïc,13,la Marina de Port,27,15254
2021,3,Sants-Montjuïc,13,la Marina de Port,28,16508
2021,3,Sants-Montjuïc,13,la Marina de Port,29,13058
2021,3,Sants-Montjuïc,13,la Marina de Port,30,14732
2021,3,Sants-Montjuïc,13,la Marina de Port,31,13753
2021,3,Sants-Montjuïc,13,la Marina de Port,32,12628
2021,3,Sants-Montjuïc,13,la Marina de Port,33,10569
2021,3,Sants-Montjuïc,13,la Marina de Port,34,13542
2021,3,Sants-Montjuïc,13,la Marina de Port,35,15149
2021,3,Sants-Montjuïc,13,la Marina de Port,36,16205
2021,3,Sants-Montjuïc,13,la Marina de Port,37,16201
2021,3,Sants-Montjuïc,13,la Marina de Port,38,10862
2021,3,Sants-Montjuïc,13,la Marina de Port,39,10253
2021,3,Sants-Montjuïc,14,la Font de la Guatlla,40,18097
2021,3,Sants-Montjuïc,14,la Font de la Guatlla,41,15260
2021,3,Sants-Montjuïc,14,la Font de la Guatlla,42,15009
2021,3,Sants-Montjuïc,14,la Font de la Guatlla,43,16679
2021,3,Sants-Montjuïc,14,la Font de la Guatlla,44,14226
2021,3,Sants-Montjuïc,14,la Font de la Guatlla,45,16342
2021,3,Sants-Montjuïc,14,la Font de la Guatlla,46,18791
2021,3,Sants-Montjuïc,15,Hostafrancs,47,15222
2021,3,Sants-Montjuïc,15,Hostafrancs,48,18503
2021,3,Sants-Montjuïc,15,Hostafrancs,49,16166
2021,3,Sants-Montjuïc,15,Hostafrancs,50,16854
2021,3,Sants-Montjuïc,15,Hostafrancs,51,13296
2021,3,Sants-Montjuïc,15,Hostafrancs,52,15113
2021,3,Sants-Montjuïc,15,Hostafrancs,53,14259
2021,3,Sants-Montjuïc,15,Hostafrancs,54,16441
2021,3,Sants-Montjuïc,15,Hostafrancs,55,15814
2021,3,Sants-Montjuïc,15,Hostafrancs,56,15558
2021,3,Sants-Montjuïc,16,la Bordeta,57,15600
2021,3,Sants-Montjuïc,16,la Bordeta,58,19114
2021,3,Sants-Montjuïc,16,la Bordeta,59,14638
2021,3,Sants-Montjuïc,16,la Bordeta,60,17070
2021,3,Sants-Montjuïc,16,la Bordeta,61,15119
2021,3,Sants-Montjuïc,16,la Bordeta,62,15918
2021,3,Sants-Montjuïc,16,la Bordeta,63,15062
2021,3,Sants-Montjuïc,16,la Bordeta,64,16876
2021,3,Sants-Montjuïc,16,la Bordeta,65,16261
2021,3,Sants-Montjuïc,16,la Bordeta,66,14794
2021,3,Sants-Montjuïc,16,la Bordeta,67,16197
2021,3,Sants-Montjuïc,16,la Bordeta,68,14292
2021,3,Sants-Montjuïc,16,la Bordeta,69,17274
2021,3,Sants-Montjuïc,17,Sants-Badal,70,13649
2021,3,Sants-Montjuïc,17,Sants-Badal,71,13716
2021,3,Sants-Montjuïc,17,Sants-Badal,72,14094
2021,3,Sants-Montjuïc,17,Sants-Badal,73,16840
2021,3,Sants-Montjuïc,17,Sants-Badal,74,16459
2021,3,Sants-Montjuïc,17,Sants-Badal,75,14718
2021,3,Sants-Montjuïc,17,Sants-Badal,76,14766
2021,3,Sants-Montjuïc,17,Sants-Badal,77,14471
2021,3,Sants-Montjuïc,17,Sants-Badal,78,14565
2021,3,Sants-Montjuïc,17,Sants-Badal,79,13347
2021,3,Sants-Montjuïc,17,Sants-Badal,80,15269
2021,3,Sants-Montjuïc,17,Sants-Badal,81,15983
2021,3,Sants-Montjuïc,17,Sants-Badal,82,17703
2021,3,Sants-Montjuïc,17,Sants-Badal,83,17592
2021,3,Sants-Montjuïc,17,Sants-Badal,84,17681
2021,3,Sants-Montjuïc,17,Sants-Badal,85,17565
2021,3,Sants-Montjuïc,18,Sants,86,20636
2021,3,Sants-Montjuïc,18,Sants,87,18744
2021,3,Sants-Montjuïc,18,Sants,88,15939
2021,3,Sants-Montjuïc,18,Sants,89,18315
2021,3,Sants-Montjuïc,18,Sants,90,20224
2021,3,Sants-Montjuïc,18,Sants,91,17221
2021,3,Sants-Montjuïc,18,Sants,92,17178
2021,3,Sants-Montjuïc,18,Sants,93,17620
2021,3,Sants-Montjuïc,18,Sants,94,18401
2021,3,Sants-Montjuïc,18,Sants,95,16746
2021,3,Sants-Montjuïc,18,Sants,96,15753
2021,3,Sants-Montjuïc,18,Sants,97,12301
2021,3,Sants-Montjuïc,18,Sants,98,13798
2021,3,Sants-Montjuïc,18,Sants,99,16691
2021,3,Sants-Montjuïc,18,Sants,100,15773
2021,3,Sants-Montjuïc,18,Sants,101,16558
2021,3,Sants-Montjuïc,18,Sants,102,15895
2021,3,Sants-Montjuïc,18,Sants,103,16400
2021,3,Sants-Montjuïc,18,Sants,104,15703
2021,3,Sants-Montjuïc,18,Sants,105,15724
2021,3,Sants-Montjuïc,18,Sants,106,16349
2021,3,Sants-Montjuïc,18,Sants,107,16925
2021,3,Sants-Montjuïc,18,Sants,108,16315
2021,3,Sants-Montjuïc,18,Sants,109,17220
2021,3,Sants-Montjuïc,18,Sants,110,17987
2021,3,Sants-Montjuïc,18,Sants,111,18035
2021,3,Sants-Montjuïc,18,Sants,112,19022
2021,3,Sants-Montjuïc,18,Sants,113,21563
2021,3,Sants-Montjuïc,18,Sants,114,20519
2021,3,Sants-Montjuïc,13,la Marina de Port,211,14303
2021,3,Sants-Montjuïc,13,la Marina de Port,212,13518
2021,3,Sants-Montjuïc,13,la Marina de Port,213,11370
2021,4,Les Corts,19,les Corts,1,19560
2021,4,Les Corts,19,les Corts,2,21553
2021,4,Les Corts,19,les Corts,3,21399
2021,4,Les Corts,19,les Corts,4,19655
2021,4,Les Corts,19,les Corts,5,19197
2021,4,Les Corts,19,les Corts,6,19820
2021,4,Les Corts,19,les Corts,7,16869
2021,4,Les Corts,19,les Corts,8,17678
2021,4,Les Corts,19,les Corts,9,19377
2021,4,Les Corts,19,les Corts,10,21245
2021,4,Les Corts,19,les Corts,11,23153
2021,4,Les Corts,19,les Corts,12,21353
2021,4,Les Corts,19,les Corts,13,22913
2021,4,Les Corts,19,les Corts,14,24480
2021,4,Les Corts,19,les Corts,15,21460
2021,4,Les Corts,19,les Corts,16,23031
2021,4,Les Corts,19,les Corts,17,21899
2021,4,Les Corts,19,les Corts,18,23356
2021,4,Les Corts,19,les Corts,19,27099
2021,4,Les Corts,19,les Corts,20,22922
2021,4,Les Corts,19,les Corts,21,25576
2021,4,Les Corts,19,les Corts,22,21986
2021,4,Les Corts,19,les Corts,23,32039
2021,4,Les Corts,19,les Corts,24,30055
2021,4,Les Corts,19,les Corts,25,20994
2021,4,Les Corts,19,les Corts,26,22198
2021,4,Les Corts,19,les Corts,27,23982
2021,4,Les Corts,19,les Corts,28,21620
2021,4,Les Corts,19,les Corts,29,24135
2021,4,Les Corts,19,les Corts,30,22883
2021,4,Les Corts,19,les Corts,31,19907
2021,4,Les Corts,19,les Corts,32,18983
2021,4,Les Corts,19,les Corts,33,19120
2021,4,Les Corts,19,les Corts,34,23629
2021,4,Les Corts,19,les Corts,35,22479
2021,4,Les Corts,20,la Maternitat i Sant Ramon,36,18061
2021,4,Les Corts,20,la Maternitat i Sant Ramon,37,19682
2021,4,Les Corts,20,la Maternitat i Sant Ramon,38,19857
2021,4,Les Corts,20,la Maternitat i Sant Ramon,39,18164
2021,4,Les Corts,20,la Maternitat i Sant Ramon,40,14924
2021,4,Les Corts,20,la Maternitat i Sant Ramon,41,16471
2021,4,Les Corts,20,la Maternitat i Sant Ramon,42,15808
2021,4,Les Corts,20,la Maternitat i Sant Ramon,43,22614
2021,4,Les Corts,20,la Maternitat i Sant Ramon,44,17519
2021,4,Les Corts,20,la Maternitat i Sant Ramon,45,17251
2021,4,Les Corts,20,la Maternitat i Sant Ramon,46,25831
2021,4,Les Corts,20,la Maternitat i Sant Ramon,47,20835
2021,4,Les Corts,20,la Maternitat i Sant Ramon,48,22687
2021,4,Les Corts,20,la Maternitat i Sant Ramon,49,27584
2021,4,Les Corts,21,Pedralbes,50,32039
2021,4,Les Corts,21,Pedralbes,51,23882
2021,4,Les Corts,21,Pedralbes,52,32039
2021,4,Les Corts,21,Pedralbes,53,20738
2021,4,Les Corts,21,Pedralbes,54,29408
2021,4,Les Corts,21,Pedralbes,55,32039
2021,4,Les Corts,21,Pedralbes,56,28091
2021,4,Les Corts,20,la Maternitat i Sant Ramon,84,23741
2021,5,Sarrià-Sant Gervasi,22,"Vallvidrera, el Tibidabo i les Planes",1,15609
2021,5,Sarrià-Sant Gervasi,22,"Vallvidrera, el Tibidabo i les Planes",2,24298
2021,5,Sarrià-Sant Gervasi,22,"Vallvidrera, el Tibidabo i les Planes",3,25067
2021,5,Sarrià-Sant Gervasi,23,Sarrià,4,29020
2021,5,Sarrià-Sant Gervasi,23,Sarrià,5,28881
2021,5,Sarrià-Sant Gervasi,23,Sarrià,6,32039
2021,5,Sarrià-Sant Gervasi,23,Sarrià,7,26450
2021,5,Sarrià-Sant Gervasi,23,Sarrià,8,28510
2021,5,Sarrià-Sant Gervasi,23,Sarrià,9,24433
2021,5,Sarrià-Sant Gervasi,23,Sarrià,10,22590
2021,5,Sarrià-Sant Gervasi,23,Sarrià,11,26954
2021,5,Sarrià-Sant Gervasi,23,Sarrià,12,22557
2021,5,Sarrià-Sant Gervasi,23,Sarrià,13,24361
2021,5,Sarrià-Sant Gervasi,23,Sarrià,14,26875
2021,5,Sarrià-Sant Gervasi,23,Sarrià,15,24606
2021,5,Sarrià-Sant Gervasi,23,Sarrià,16,20831
2021,5,Sarrià-Sant Gervasi,23,Sarrià,17,32039
2021,5,Sarrià-Sant Gervasi,23,Sarrià,18,24121
2021,5,Sarrià-Sant Gervasi,23,Sarrià,19,28882
2021,5,Sarrià-Sant Gervasi,24,les Tres Torres,20,28365
2021,5,Sarrià-Sant Gervasi,24,les Tres Torres,21,32039
2021,5,Sarrià-Sant Gervasi,24,les Tres Torres,22,31459
2021,5,Sarrià-Sant Gervasi,24,les Tres Torres,23,21564
2021,5,Sarrià-Sant Gervasi,24,les Tres Torres,24,30766
2021,5,Sarrià-Sant Gervasi,24,les Tres Torres,25,32039
2021,5,Sarrià-Sant Gervasi,24,les Tres Torres,26,32039
2021,5,Sarrià-Sant Gervasi,24,les Tres Torres,27,32039
2021,5,Sarrià-Sant Gervasi,24,les Tres Torres,28,28626
2021,5,Sarrià-Sant Gervasi,24,les Tres Torres,29,31998
2021,5,Sarrià-Sant Gervasi,24,les Tres Torres,30,32039
2021,5,Sarrià-Sant Gervasi,25,Sant Gervasi- la Bonanova,31,32039
2021,5,Sarrià-Sant Gervasi,25,Sant Gervasi- la Bonanova,32,32039
2021,5,Sarrià-Sant Gervasi,25,Sant Gervasi- la Bonanova,33,28111
2021,5,Sarrià-Sant Gervasi,25,Sant Gervasi- la Bonanova,34,11363
2021,5,Sarrià-Sant Gervasi,25,Sant Gervasi- la Bonanova,35,32039
2021,5,Sarrià-Sant Gervasi,25,Sant Gervasi- la Bonanova,36,29621
2021,5,Sarrià-Sant Gervasi,25,Sant Gervasi- la Bonanova,37,22303
2021,5,Sarrià-Sant Gervasi,25,Sant Gervasi- la Bonanova,38,23592
2021,5,Sarrià-Sant Gervasi,25,Sant Gervasi- la Bonanova,39,29997
2021,5,Sarrià-Sant Gervasi,25,Sant Gervasi- la Bonanova,40,22151
2021,5,Sarrià-Sant Gervasi,25,Sant Gervasi- la Bonanova,41,25302
2021,5,Sarrià-Sant Gervasi,25,Sant Gervasi- la Bonanova,42,23455
2021,5,Sarrià-Sant Gervasi,25,Sant Gervasi- la Bonanova,43,22791
2021,5,Sarrià-Sant Gervasi,25,Sant Gervasi- la Bonanova,44,25508
2021,5,Sarrià-Sant Gervasi,25,Sant Gervasi- la Bonanova,45,26567
2021,5,Sarrià-Sant Gervasi,25,Sant Gervasi- la Bonanova,46,31896
2021,5,Sarrià-Sant Gervasi,25,Sant Gervasi- la Bonanova,47,28010
2021,5,Sarrià-Sant Gervasi,25,Sant Gervasi- la Bonanova,48,28998
2021,5,Sarrià-Sant Gervasi,26,Sant Gervasi- Galvany,49,30910
2021,5,Sarrià-Sant Gervasi,26,Sant Gervasi- Galvany,50,25096
2021,5,Sarrià-Sant Gervasi,26,Sant Gervasi- Galvany,51,29638
2021,5,Sarrià-Sant Gervasi,26,Sant Gervasi- Galvany,52,32039
2021,5,Sarrià-Sant Gervasi,26,Sant Gervasi- Galvany,53,32039
2021,5,Sarrià-Sant Gervasi,26,Sant Gervasi- Galvany,54,32039
2021,5,Sarrià-Sant Gervasi,26,Sant Gervasi- Galvany,55,32039
2021,5,Sarrià-Sant Gervasi,26,Sant Gervasi- Galvany,56,28645
2021,5,Sarrià-Sant Gervasi,26,Sant Gervasi- Galvany,57,32039
2021,5,Sarrià-Sant Gervasi,26,Sant Gervasi- Galvany,58,31425
2021,5,Sarrià-Sant Gervasi,26,Sant Gervasi- Galvany,59,27290
2021,5,Sarrià-Sant Gervasi,26,Sant Gervasi- Galvany,60,30049
2021,5,Sarrià-Sant Gervasi,26,Sant Gervasi- Galvany,61,24283
2021,5,Sarrià-Sant Gervasi,26,Sant Gervasi- Galvany,62,27750
2021,5,Sarrià-Sant Gervasi,26,Sant Gervasi- Galvany,63,28264
2021,5,Sarrià-Sant Gervasi,26,Sant Gervasi- Galvany,64,25613
2021,5,Sarrià-Sant Gervasi,26,Sant Gervasi- Galvany,65,23322
2021,5,Sarrià-Sant Gervasi,26,Sant Gervasi- Galvany,66,27942
2021,5,Sarrià-Sant Gervasi,26,Sant Gervasi- Galvany,67,27237
2021,5,Sarrià-Sant Gervasi,26,Sant Gervasi- Galvany,68,25340
2021,5,Sarrià-Sant Gervasi,26,Sant Gervasi- Galvany,69,23900
2021,5,Sarrià-Sant Gervasi,26,Sant Gervasi- Galvany,70,24230
2021,5,Sarrià-Sant Gervasi,26,Sant Gervasi- Galvany,71,22919
2021,5,Sarrià-Sant Gervasi,26,Sant Gervasi- Galvany,72,26494
2021,5,Sarrià-Sant Gervasi,26,Sant Gervasi- Galvany,73,23972
2021,5,Sarrià-Sant Gervasi,26,Sant Gervasi- Galvany,74,26419
2021,5,Sarrià-Sant Gervasi,26,Sant Gervasi- Galvany,75,22459
2021,5,Sarrià-Sant Gervasi,26,Sant Gervasi- Galvany,76,25714
2021,5,Sarrià-Sant Gervasi,26,Sant Gervasi- Galvany,77,26513
2021,5,Sarrià-Sant Gervasi,26,Sant Gervasi- Galvany,78,25536
2021,5,Sarrià-Sant Gervasi,26,Sant Gervasi- Galvany,79,24694
2021,5,Sarrià-Sant Gervasi,27,el Putxet i el Farró,80,22807
2021,5,Sarrià-Sant Gervasi,27,el Putxet i el Farró,81,22614
2021,5,Sarrià-Sant Gervasi,27,el Putxet i el Farró,82,21454
2021,5,Sarrià-Sant Gervasi,27,el Putxet i el Farró,83,21253
2021,5,Sarrià-Sant Gervasi,27,el Putxet i el Farró,84,20950
2021,5,Sarrià-Sant Gervasi,27,el Putxet i el Farró,85,20052
2021,5,Sarrià-Sant Gervasi,27,el Putxet i el Farró,86,21320
2021,5,Sarrià-Sant Gervasi,27,el Putxet i el Farró,87,23403
2021,5,Sarrià-Sant Gervasi,27,el Putxet i el Farró,88,23219
2021,5,Sarrià-Sant Gervasi,27,el Putxet i el Farró,89,23237
2021,5,Sarrià-Sant Gervasi,27,el Putxet i el Farró,90,21497
2021,5,Sarrià-Sant Gervasi,27,el Putxet i el Farró,91,22069
2021,5,Sarrià-Sant Gervasi,27,el Putxet i el Farró,92,29232
2021,5,Sarrià-Sant Gervasi,27,el Putxet i el Farró,93,25458
2021,5,Sarrià-Sant Gervasi,27,el Putxet i el Farró,94,26953
2021,5,Sarrià-Sant Gervasi,27,el Putxet i el Farró,95,19762
2021,5,Sarrià-Sant Gervasi,27,el Putxet i el Farró,96,19615
2021,5,Sarrià-Sant Gervasi,27,el Putxet i el Farró,97,23283
2021,5,Sarrià-Sant Gervasi,27,el Putxet i el Farró,98,20828
2021,6,Gràcia,28,Vallcarca i els Penitents,1,16744
2021,6,Gràcia,28,Vallcarca i els Penitents,2,18046
2021,6,Gràcia,28,Vallcarca i els Penitents,3,17007
2021,6,Gràcia,28,Vallcarca i els Penitents,4,18961
2021,6,Gràcia,28,Vallcarca i els Penitents,6,24534
2021,6,Gràcia,28,Vallcarca i els Penitents,7,19814
2021,6,Gràcia,28,Vallcarca i els Penitents,8,19288
2021,6,Gràcia,28,Vallcarca i els Penitents,9,24101
2021,6,Gràcia,28,Vallcarca i els Penitents,10,21130
2021,6,Gràcia,28,Vallcarca i els Penitents,11,20529
2021,6,Gràcia,28,Vallcarca i els Penitents,12,23459
2021,6,Gràcia,29,el Coll,13,17306
2021,6,Gràcia,29,el Coll,14,16861
2021,6,Gràcia,29,el Coll,15,15364
2021,6,Gràcia,29,el Coll,16,14819
2021,6,Gràcia,29,el Coll,17,15734
2021,6,Gràcia,30,la Salut,18,17816
2021,6,Gràcia,30,la Salut,19,18217
2021,6,Gràcia,30,la Salut,20,18867
2021,6,Gràcia,30,la Salut,21,20212
2021,6,Gràcia,30,la Salut,22,18754
2021,6,Gràcia,30,la Salut,23,24168
2021,6,Gràcia,30,la Salut,24,19352
2021,6,Gràcia,30,la Salut,25,20472
2021,6,Gràcia,30,la Salut,26,19276
2021,6,Gràcia,30,la Salut,27,20478
2021,6,Gràcia,31,la Vila de Gràcia,28,17324
2021,6,Gràcia,31,la Vila de Gràcia,29,19759
2021,6,Gràcia,31,la Vila de Gràcia,30,17593
2021,6,Gràcia,31,la Vila de Gràcia,31,19342
2021,6,Gràcia,31,la Vila de Gràcia,32,17669
2021,6,Gràcia,31,la Vila de Gràcia,33,18613
2021,6,Gràcia,31,la Vila de Gràcia,34,17646
2021,6,Gràcia,31,la Vila de Gràcia,35,21464
2021,6,Gràcia,31,la Vila de Gràcia,36,19797
2021,6,Gràcia,31,la Vila de Gràcia,37,19395
2021,6,Gràcia,31,la Vila de Gràcia,38,18425
2021,6,Gràcia,31,la Vila de Gràcia,39,17396
2021,6,Gràcia,31,la Vila de Gràcia,40,20084
2021,6,Gràcia,31,la Vila de Gràcia,41,20306
2021,6,Gràcia,31,la Vila de Gràcia,42,21965
2021,6,Gràcia,31,la Vila de Gràcia,43,19377
2021,6,Gràcia,31,la Vila de Gràcia,44,23333
2021,6,Gràcia,31,la Vila de Gràcia,45,19421
2021,6,Gràcia,31,la Vila de Gràcia,46,18867
2021,6,Gràcia,31,la Vila de Gràcia,47,16688
2021,6,Gràcia,31,la Vila de Gràcia,48,17686
2021,6,Gràcia,31,la Vila de Gràcia,49,18821
2021,6,Gràcia,31,la Vila de Gràcia,50,16394
2021,6,Gràcia,31,la Vila de Gràcia,51,19246
2021,6,Gràcia,31,la Vila de Gràcia,52,17901
2021,6,Gràcia,31,la Vila de Gràcia,53,17941
2021,6,Gràcia,31,la Vila de Gràcia,54,16566
2021,6,Gràcia,31,la Vila de Gràcia,55,17975
2021,6,Gràcia,31,la Vila de Gràcia,56,17411
2021,6,Gràcia,31,la Vila de Gràcia,57,16791
2021,6,Gràcia,31,la Vila de Gràcia,58,19116
2021,6,Gràcia,31,la Vila de Gràcia,59,18461
2021,6,Gràcia,31,la Vila de Gràcia,60,17350
2021,6,Gràcia,31,la Vila de Gràcia,61,17818
2021,6,Gràcia,31,la Vila de Gràcia,62,16421
2021,6,Gràcia,31,la Vila de Gràcia,63,17066
2021,6,Gràcia,32,el Camp d'en Grassot i Gràcia Nova,64,19579
2021,6,Gràcia,32,el Camp d'en Grassot i Gràcia Nova,65,21031
2021,6,Gràcia,32,el Camp d'en Grassot i Gràcia Nova,66,17346
2021,6,Gràcia,32,el Camp d'en Grassot i Gràcia Nova,67,19065
2021,6,Gràcia,32,el Camp d'en Grassot i Gràcia Nova,68,21024
2021,6,Gràcia,32,el Camp d'en Grassot i Gràcia Nova,69,19712
2021,6,Gràcia,32,el Camp d'en Grassot i Gràcia Nova,70,17973
2021,6,Gràcia,32,el Camp d'en Grassot i Gràcia Nova,71,19609
2021,6,Gràcia,32,el Camp d'en Grassot i Gràcia Nova,72,20424
2021,6,Gràcia,32,el Camp d'en Grassot i Gràcia Nova,73,18795
2021,6,Gràcia,32,el Camp d'en Grassot i Gràcia Nova,74,18192
2021,6,Gràcia,32,el Camp d'en Grassot i Gràcia Nova,75,21193
2021,6,Gràcia,32,el Camp d'en Grassot i Gràcia Nova,76,19652
2021,6,Gràcia,32,el Camp d'en Grassot i Gràcia Nova,77,16947
2021,6,Gràcia,32,el Camp d'en Grassot i Gràcia Nova,78,17585
2021,6,Gràcia,32,el Camp d'en Grassot i Gràcia Nova,79,19397
2021,6,Gràcia,32,el Camp d'en Grassot i Gràcia Nova,80,18582
2021,6,Gràcia,32,el Camp d'en Grassot i Gràcia Nova,81,18257
2021,6,Gràcia,32,el Camp d'en Grassot i Gràcia Nova,82,19173
2021,6,Gràcia,32,el Camp d'en Grassot i Gràcia Nova,83,20791
2021,6,Gràcia,32,el Camp d'en Grassot i Gràcia Nova,84,18391
2021,6,Gràcia,32,el Camp d'en Grassot i Gràcia Nova,85,19828
2021,6,Gràcia,32,el Camp d'en Grassot i Gràcia Nova,86,22988
2021,6,Gràcia,32,el Camp d'en Grassot i Gràcia Nova,87,21830
2021,6,Gràcia,32,el Camp d'en Grassot i Gràcia Nova,88,19455
2021,7,Horta-Guinardó,33,el Baix Guinardó,1,19208
2021,7,Horta-Guinardó,33,el Baix Guinardó,2,16633
2021,7,Horta-Guinardó,33,el Baix Guinardó,3,17451
2021,7,Horta-Guinardó,33,el Baix Guinardó,4,16429
2021,7,Horta-Guinardó,33,el Baix Guinardó,5,16394
2021,7,Horta-Guinardó,33,el Baix Guinardó,6,18604
2021,7,Horta-Guinardó,33,el Baix Guinardó,7,16434
2021,7,Horta-Guinardó,33,el Baix Guinardó,8,18031
2021,7,Horta-Guinardó,33,el Baix Guinardó,9,16108
2021,7,Horta-Guinardó,33,el Baix Guinardó,10,17481
2021,7,Horta-Guinardó,33,el Baix Guinardó,11,16741
2021,7,Horta-Guinardó,33,el Baix Guinardó,12,15818
2021,7,Horta-Guinardó,33,el Baix Guinardó,13,19440
2021,7,Horta-Guinardó,33,el Baix Guinardó,14,14800
2021,7,Horta-Guinardó,33,el Baix Guinardó,15,16744
2021,7,Horta-Guinardó,33,el Baix Guinardó,16,18381
2021,7,Horta-Guinardó,33,el Baix Guinardó,17,16861
2021,7,Horta-Guinardó,33,el Baix Guinardó,18,16242
2021,7,Horta-Guinardó,33,el Baix Guinardó,19,16938
2021,7,Horta-Guinardó,34,Can Baró,20,16536
2021,7,Horta-Guinardó,34,Can Baró,21,18322
2021,7,Horta-Guinardó,34,Can Baró,22,15317
2021,7,Horta-Guinardó,34,Can Baró,23,13840
2021,7,Horta-Guinardó,34,Can Baró,24,16576
2021,7,Horta-Guinardó,34,Can Baró,25,15155
2021,7,Horta-Guinardó,34,Can Baró,26,15971
2021,7,Horta-Guinardó,35,el Guinardó,27,14938
2021,7,Horta-Guinardó,35,el Guinardó,28,15635
2021,7,Horta-Guinardó,35,el Guinardó,29,17566
2021,7,Horta-Guinardó,35,el Guinardó,30,14408
2021,7,Horta-Guinardó,35,el Guinardó,31,14553
2021,7,Horta-Guinardó,35,el Guinardó,32,16522
2021,7,Horta-Guinardó,35,el Guinardó,33,17178
2021,7,Horta-Guinardó,35,el Guinardó,34,18246
2021,7,Horta-Guinardó,35,el Guinardó,35,18748
2021,7,Horta-Guinardó,35,el Guinardó,36,19037
2021,7,Horta-Guinardó,35,el Guinardó,37,16625
2021,7,Horta-Guinardó,35,el Guinardó,38,16592
2021,7,Horta-Guinardó,35,el Guinardó,39,17108
2021,7,Horta-Guinardó,35,el Guinardó,40,17070
2021,7,Horta-Guinardó,35,el Guinardó,41,15601
2021,7,Horta-Guinardó,35,el Guinardó,42,17249
2021,7,Horta-Guinardó,35,el Guinardó,43,16664
2021,7,Horta-Guinardó,35,el Guinardó,44,17946
2021,7,Horta-Guinardó,35,el Guinardó,45,15824
2021,7,Horta-Guinardó,35,el Guinardó,46,15587
2021,7,Horta-Guinardó,35,el Guinardó,47,16158
2021,7,Horta-Guinardó,35,el Guinardó,48,16896
2021,7,Horta-Guinardó,35,el Guinardó,49,16494
2021,7,Horta-Guinardó,35,el Guinardó,50,15464
2021,7,Horta-Guinardó,35,el Guinardó,51,15631
2021,7,Horta-Guinardó,36,la Font d'en Fargues,52,19908
2021,7,Horta-Guinardó,36,la Font d'en Fargues,53,18014
2021,7,Horta-Guinardó,36,la Font d'en Fargues,54,22473
2021,7,Horta-Guinardó,36,la Font d'en Fargues,55,22552
2021,7,Horta-Guinardó,36,la Font d'en Fargues,56,18031
2021,7,Horta-Guinardó,36,la Font d'en Fargues,57,18559
2021,7,Horta-Guinardó,36,la Font d'en Fargues,58,17727
2021,7,Horta-Guinardó,37,el Carmel,59,13195
2021,7,Horta-Guinardó,37,el Carmel,60,12739
2021,7,Horta-Guinardó,37,el Carmel,61,13428
2021,7,Horta-Guinardó,37,el Carmel,62,13312
2021,7,Horta-Guinardó,37,el Carmel,63,11462
2021,7,Horta-Guinardó,37,el Carmel,64,11937
2021,7,Horta-Guinardó,37,el Carmel,65,10979
2021,7,Horta-Guinardó,37,el Carmel,66,11682
2021,7,Horta-Guinardó,37,el Carmel,67,11574
2021,7,Horta-Guinardó,37,el Carmel,68,11194
2021,7,Horta-Guinardó,37,el Carmel,69,11844
2021,7,Horta-Guinardó,37,el Carmel,70,11813
2021,7,Horta-Guinardó,37,el Carmel,71,14311
2021,7,Horta-Guinardó,37,el Carmel,72,13445
2021,7,Horta-Guinardó,37,el Carmel,73,12227
2021,7,Horta-Guinardó,37,el Carmel,74,12874
2021,7,Horta-Guinardó,37,el Carmel,75,12171
2021,7,Horta-Guinardó,37,el Carmel,76,12372
2021,7,Horta-Guinardó,37,el Carmel,77,12425
2021,7,Horta-Guinardó,37,el Carmel,78,11999
2021,7,Horta-Guinardó,37,el Carmel,79,12393
2021,7,Horta-Guinardó,37,el Carmel,80,13184
2021,7,Horta-Guinardó,38,la Teixonera,81,14233
2021,7,Horta-Guinardó,38,la Teixonera,82,13129
2021,7,Horta-Guinardó,38,la Teixonera,83,13044
2021,7,Horta-Guinardó,38,la Teixonera,84,13343
2021,7,Horta-Guinardó,38,la Teixonera,85,13598
2021,7,Horta-Guinardó,38,la Teixonera,86,13087
2021,7,Horta-Guinardó,38,la Teixonera,87,13899
2021,7,Horta-Guinardó,38,la Teixonera,88,13561
2021,7,Horta-Guinardó,39,Sant Genís dels Agudells,89,16489
2021,7,Horta-Guinardó,39,Sant Genís dels Agudells,90,14200
2021,7,Horta-Guinardó,39,Sant Genís dels Agudells,91,14228
2021,7,Horta-Guinardó,39,Sant Genís dels Agudells,92,11962
2021,7,Horta-Guinardó,39,Sant Genís dels Agudells,93,14348
2021,7,Horta-Guinardó,40,Montbau,94,15406
2021,7,Horta-Guinardó,40,Montbau,95,15847
2021,7,Horta-Guinardó,40,Montbau,96,14643
2021,7,Horta-Guinardó,40,Montbau,97,17325
2021,7,Horta-Guinardó,41,la Vall d'Hebron,98,19254
2021,7,Horta-Guinardó,41,la Vall d'Hebron,99,18827
2021,7,Horta-Guinardó,41,la Vall d'Hebron,100,16795
2021,7,Horta-Guinardó,41,la Vall d'Hebron,101,16524
2021,7,Horta-Guinardó,42,la Clota,102,15605
2021,7,Horta-Guinardó,43,Horta,103,14592
2021,7,Horta-Guinardó,43,Horta,104,14097
2021,7,Horta-Guinardó,43,Horta,105,17329
2021,7,Horta-Guinardó,43,Horta,106,16279
2021,7,Horta-Guinardó,43,Horta,107,18725
2021,7,Horta-Guinardó,43,Horta,108,16483
2021,7,Horta-Guinardó,43,Horta,109,13882
2021,7,Horta-Guinardó,43,Horta,110,17117
2021,7,Horta-Guinardó,43,Horta,111,19268
2021,7,Horta-Guinardó,43,Horta,112,16977
2021,7,Horta-Guinardó,43,Horta,113,15161
2021,7,Horta-Guinardó,43,Horta,114,18151
2021,7,Horta-Guinardó,43,Horta,115,19383
2021,7,Horta-Guinardó,43,Horta,116,16443
2021,7,Horta-Guinardó,43,Horta,117,16944
2021,7,Horta-Guinardó,43,Horta,118,16462
2021,7,Horta-Guinardó,43,Horta,119,14319
2021,7,Horta-Guinardó,43,Horta,120,14915
2021,7,Horta-Guinardó,43,Horta,121,14003
2021,7,Horta-Guinardó,43,Horta,122,15397
2021,7,Horta-Guinardó,43,Horta,123,17253
2021,8,Nou Barris,44,Vilapicina i la Torre Llobeta,1,15386
2021,8,Nou Barris,44,Vilapicina i la Torre Llobeta,2,16809
2021,8,Nou Barris,44,Vilapicina i la Torre Llobeta,3,15308
2021,8,Nou Barris,44,Vilapicina i la Torre Llobeta,4,14070
2021,8,Nou Barris,44,Vilapicina i la Torre Llobeta,5,15919
2021,8,Nou Barris,44,Vilapicina i la Torre Llobeta,6,15265
2021,8,Nou Barris,44,Vilapicina i la Torre Llobeta,7,16418
2021,8,Nou Barris,44,Vilapicina i la Torre Llobeta,8,15842
2021,8,Nou Barris,44,Vilapicina i la Torre Llobeta,9,14604
2021,8,Nou Barris,44,Vilapicina i la Torre Llobeta,10,17266
2021,8,Nou Barris,44,Vilapicina i la Torre Llobeta,11,16946
2021,8,Nou Barris,44,Vilapicina i la Torre Llobeta,12,15876
2021,8,Nou Barris,44,Vilapicina i la Torre Llobeta,13,15114
2021,8,Nou Barris,44,Vilapicina i la Torre Llobeta,14,15113
2021,8,Nou Barris,44,Vilapicina i la Torre Llobeta,15,13679
2021,8,Nou Barris,44,Vilapicina i la Torre Llobeta,16,14632
2021,8,Nou Barris,44,Vilapicina i la Torre Llobeta,17,16752
2021,8,Nou Barris,44,Vilapicina i la Torre Llobeta,18,15734
2021,8,Nou Barris,44,Vilapicina i la Torre Llobeta,19,14003
2021,8,Nou Barris,45,Porta,20,14694
2021,8,Nou Barris,45,Porta,21,15295
2021,8,Nou Barris,45,Porta,22,15180
2021,8,Nou Barris,45,Porta,23,13684
2021,8,Nou Barris,45,Porta,24,12015
2021,8,Nou Barris,45,Porta,25,13163
2021,8,Nou Barris,45,Porta,26,15064
2021,8,Nou Barris,45,Porta,27,16107
2021,8,Nou Barris,45,Porta,28,14007
2021,8,Nou Barris,45,Porta,29,12429
2021,8,Nou Barris,45,Porta,30,13479
2021,8,Nou Barris,45,Porta,31,14613
2021,8,Nou Barris,45,Porta,32,14389
2021,8,Nou Barris,45,Porta,33,10184
2021,8,Nou Barris,45,Porta,34,11637
2021,8,Nou Barris,45,Porta,35,14199
2021,8,Nou Barris,45,Porta,36,11491
2021,8,Nou Barris,45,Porta,37,13194
2021,8,Nou Barris,46,el Turó de la Peira,38,12044
2021,8,Nou Barris,46,el Turó de la Peira,39,12919
2021,8,Nou Barris,46,el Turó de la Peira,40,11011
2021,8,Nou Barris,46,el Turó de la Peira,41,9086
2021,8,Nou Barris,46,el Turó de la Peira,42,14914
2021,8,Nou Barris,46,el Turó de la Peira,43,13414
2021,8,Nou Barris,46,el Turó de la Peira,44,11169
2021,8,Nou Barris,46,el Turó de la Peira,45,11120
2021,8,Nou Barris,46,el Turó de la Peira,46,12117
2021,8,Nou Barris,46,el Turó de la Peira,47,10145
2021,8,Nou Barris,47,Can Peguera,48,9577
2021,8,Nou Barris,47,Can Peguera,49,12127
2021,8,Nou Barris,48,la Guineueta,50,16905
2021,8,Nou Barris,48,la Guineueta,51,16226
2021,8,Nou Barris,48,la Guineueta,52,14816
2021,8,Nou Barris,48,la Guineueta,53,16179
2021,8,Nou Barris,48,la Guineueta,54,15399
2021,8,Nou Barris,48,la Guineueta,55,18999
2021,8,Nou Barris,48,la Guineueta,56,13830
2021,8,Nou Barris,48,la Guineueta,57,14088
2021,8,Nou Barris,48,la Guineueta,58,13170
2021,8,Nou Barris,48,la Guineueta,59,14544
2021,8,Nou Barris,49,Canyelles,60,15352
2021,8,Nou Barris,49,Canyelles,61,13675
2021,8,Nou Barris,49,Canyelles,62,15154
2021,8,Nou Barris,49,Canyelles,63,17439
2021,8,Nou Barris,49,Canyelles,64,13092
2021,8,Nou Barris,50,les Roquetes,65,10161
2021,8,Nou Barris,50,les Roquetes,66,9500
2021,8,Nou Barris,50,les Roquetes,67,11556
2021,8,Nou Barris,50,les Roquetes,68,10217
2021,8,Nou Barris,50,les Roquetes,69,10670
2021,8,Nou Barris,50,les Roquetes,70,10383
2021,8,Nou Barris,50,les Roquetes,71,11106
2021,8,Nou Barris,50,les Roquetes,72,12439
2021,8,Nou Barris,50,les Roquetes,73,10246
2021,8,Nou Barris,50,les Roquetes,74,10309
2021,8,Nou Barris,51,Verdun,75,12291
2021,8,Nou Barris,51,Verdun,76,12561
2021,8,Nou Barris,51,Verdun,77,10397
2021,8,Nou Barris,51,Verdun,78,11079
2021,8,Nou Barris,51,Verdun,79,10734
2021,8,Nou Barris,51,Verdun,80,11764
2021,8,Nou Barris,51,Verdun,81,10476
2021,8,Nou Barris,51,Verdun,82,12256
2021,8,Nou Barris,52,la Prosperitat,83,12459
2021,8,Nou Barris,52,la Prosperitat,84,13389
2021,8,Nou Barris,52,la Prosperitat,85,11912
2021,8,Nou Barris,52,la Prosperitat,86,12881
2021,8,Nou Barris,52,la Prosperitat,87,12615
2021,8,Nou Barris,52,la Prosperitat,88,12945
2021,8,Nou Barris,52,la Prosperitat,89,12480
2021,8,Nou Barris,52,la Prosperitat,90,13267
2021,8,Nou Barris,52,la Prosperitat,91,12975
2021,8,Nou Barris,52,la Prosperitat,92,13743
2021,8,Nou Barris,52,la Prosperitat,93,12805
2021,8,Nou Barris,52,la Prosperitat,94,13747
2021,8,Nou Barris,52,la Prosperitat,95,15693
2021,8,Nou Barris,52,la Prosperitat,96,13009
2021,8,Nou Barris,52,la Prosperitat,97,12450
2021,8,Nou Barris,52,la Prosperitat,98,11981
2021,8,Nou Barris,52,la Prosperitat,99,12306
2021,8,Nou Barris,52,la Prosperitat,100,12619
2021,8,Nou Barris,52,la Prosperitat,101,13323
2021,8,Nou Barris,52,la Prosperitat,102,10875
2021,8,Nou Barris,53,la Trinitat Nova,103,9398
2021,8,Nou Barris,53,la Trinitat Nova,104,10546
2021,8,Nou Barris,53,la Trinitat Nova,105,10663
2021,8,Nou Barris,53,la Trinitat Nova,106,9940
2021,8,Nou Barris,53,la Trinitat Nova,107,10796
2021,8,Nou Barris,54,Torre Baró,108,10066
2021,8,Nou Barris,54,Torre Baró,109,9561
2021,8,Nou Barris,55,Ciutat Meridiana,110,7957
2021,8,Nou Barris,55,Ciutat Meridiana,111,8813
2021,8,Nou Barris,55,Ciutat Meridiana,112,8926
2021,8,Nou Barris,55,Ciutat Meridiana,113,9011
2021,8,Nou Barris,55,Ciutat Meridiana,114,9494
2021,8,Nou Barris,55,Ciutat Meridiana,115,9328
2021,8,Nou Barris,56,Vallbona,116,10132
2021,8,Nou Barris,48,la Guineueta,215,16248
2021,9,Sant Andreu,57,la Trinitat Vella,1,8337
2021,9,Sant Andreu,57,la Trinitat Vella,2,9565
2021,9,Sant Andreu,57,la Trinitat Vella,3,9676
2021,9,Sant Andreu,57,la Trinitat Vella,4,10317
2021,9,Sant Andreu,57,la Trinitat Vella,5,13149
2021,9,Sant Andreu,58,Baró de Viver,6,10638
2021,9,Sant Andreu,58,Baró de Viver,7,9671
2021,9,Sant Andreu,59,el Bon Pastor,8,19225
2021,9,Sant Andreu,59,el Bon Pastor,9,14670
2021,9,Sant Andreu,59,el Bon Pastor,10,12999
2021,9,Sant Andreu,59,el Bon Pastor,11,11087
2021,9,Sant Andreu,59,el Bon Pastor,13,9572
2021,9,Sant Andreu,59,el Bon Pastor,14,11139
2021,9,Sant Andreu,59,el Bon Pastor,15,10989
2021,9,Sant Andreu,60,Sant Andreu,16,16364
2021,9,Sant Andreu,60,Sant Andreu,17,16187
2021,9,Sant Andreu,60,Sant Andreu,18,16269
2021,9,Sant Andreu,60,Sant Andreu,19,17558
2021,9,Sant Andreu,60,Sant Andreu,20,17593
2021,9,Sant Andreu,60,Sant Andreu,21,17726
2021,9,Sant Andreu,60,Sant Andreu,22,18272
2021,9,Sant Andreu,60,Sant Andreu,23,17896
2021,9,Sant Andreu,60,Sant Andreu,24,17241
2021,9,Sant Andreu,60,Sant Andreu,25,18041
2021,9,Sant Andreu,60,Sant Andreu,26,18254
2021,9,Sant Andreu,60,Sant Andreu,27,17987
2021,9,Sant Andreu,60,Sant Andreu,28,19339
2021,9,Sant Andreu,60,Sant Andreu,29,15969
2021,9,Sant Andreu,60,Sant Andreu,30,17826
2021,9,Sant Andreu,60,Sant Andreu,31,17776
2021,9,Sant Andreu,60,Sant Andreu,32,13645
2021,9,Sant Andreu,60,Sant Andreu,33,15799
2021,9,Sant Andreu,60,Sant Andreu,34,14364
2021,9,Sant Andreu,60,Sant Andreu,35,15911
2021,9,Sant Andreu,60,Sant Andreu,36,17129
2021,9,Sant Andreu,60,Sant Andreu,37,13677
2021,9,Sant Andreu,60,Sant Andreu,38,17492
2021,9,Sant Andreu,60,Sant Andreu,39,16853
2021,9,Sant Andreu,60,Sant Andreu,40,17812
2021,9,Sant Andreu,60,Sant Andreu,41,16135
2021,9,Sant Andreu,60,Sant Andreu,42,18375
2021,9,Sant Andreu,60,Sant Andreu,43,15506
2021,9,Sant Andreu,60,Sant Andreu,44,16988
2021,9,Sant Andreu,60,Sant Andreu,45,17245
2021,9,Sant Andreu,60,Sant Andreu,46,18308
2021,9,Sant Andreu,60,Sant Andreu,47,18227
2021,9,Sant Andreu,60,Sant Andreu,48,16582
2021,9,Sant Andreu,60,Sant Andreu,49,15688
2021,9,Sant Andreu,60,Sant Andreu,50,17883
2021,9,Sant Andreu,60,Sant Andreu,51,17686
2021,9,Sant Andreu,60,Sant Andreu,52,16678
2021,9,Sant Andreu,60,Sant Andreu,53,18243
2021,9,Sant Andreu,60,Sant Andreu,54,17824
2021,9,Sant Andreu,61,la Sagrera,55,13809
2021,9,Sant Andreu,61,la Sagrera,56,16945
2021,9,Sant Andreu,61,la Sagrera,57,14733
2021,9,Sant Andreu,61,la Sagrera,58,16714
2021,9,Sant Andreu,61,la Sagrera,59,15977
2021,9,Sant Andreu,61,la Sagrera,60,15781
2021,9,Sant Andreu,61,la Sagrera,61,18307
2021,9,Sant Andreu,61,la Sagrera,62,16406
2021,9,Sant Andreu,61,la Sagrera,63,18082
2021,9,Sant Andreu,61,la Sagrera,64,17207
2021,9,Sant Andreu,61,la Sagrera,65,15430
2021,9,Sant Andreu,61,la Sagrera,66,17764
2021,9,Sant Andreu,61,la Sagrera,67,14608
2021,9,Sant Andreu,61,la Sagrera,68,16871
2021,9,Sant Andreu,61,la Sagrera,69,16092
2021,9,Sant Andreu,61,la Sagrera,70,12138
2021,9,Sant Andreu,61,la Sagrera,71,14705
2021,9,Sant Andreu,61,la Sagrera,72,13082
2021,9,Sant Andreu,61,la Sagrera,73,16848
2021,9,Sant Andreu,62,el Congrés i els Indians,74,15272
2021,9,Sant Andreu,62,el Congrés i els Indians,75,15110
2021,9,Sant Andreu,62,el Congrés i els Indians,76,15138
2021,9,Sant Andreu,62,el Congrés i els Indians,77,15977
2021,9,Sant Andreu,62,el Congrés i els Indians,78,15733
2021,9,Sant Andreu,62,el Congrés i els Indians,79,17000
2021,9,Sant Andreu,62,el Congrés i els Indians,80,16154
2021,9,Sant Andreu,62,el Congrés i els Indians,81,16030
2021,9,Sant Andreu,62,el Congrés i els Indians,82,16260
2021,9,Sant Andreu,63,Navas,83,16654
2021,9,Sant Andreu,63,Navas,84,17776
2021,9,Sant Andreu,63,Navas,85,16484
2021,9,Sant Andreu,63,Navas,86,16143
2021,9,Sant Andreu,63,Navas,87,16934
2021,9,Sant Andreu,63,Navas,88,14762
2021,9,Sant Andreu,63,Navas,89,15410
2021,9,Sant Andreu,63,Navas,90,15227
2021,9,Sant Andreu,63,Navas,91,16236
2021,9,Sant Andreu,63,Navas,92,16506
2021,9,Sant Andreu,63,Navas,93,16219
2021,9,Sant Andreu,63,Navas,94,16594
2021,9,Sant Andreu,63,Navas,95,16517
2021,9,Sant Andreu,61,la Sagrera,156,15472
2021,10,Sant Martí,64,el Camp de l'Arpa del Clot,1,14863
2021,10,Sant Martí,64,el Camp de l'Arpa del Clot,2,15795
2021,10,Sant Martí,64,el Camp de l'Arpa del Clot,3,15884
2021,10,Sant Martí,64,el Camp de l'Arpa del Clot,4,16234
2021,10,Sant Martí,64,el Camp de l'Arpa del Clot,5,16789
2021,10,Sant Martí,64,el Camp de l'Arpa del Clot,6,17559
2021,10,Sant Martí,64,el Camp de l'Arpa del Clot,7,21636
2021,10,Sant Martí,64,el Camp de l'Arpa del Clot,8,17000
2021,10,Sant Martí,64,el Camp de l'Arpa del Clot,9,17258
2021,10,Sant Martí,64,el Camp de l'Arpa del Clot,10,15931
2021,10,Sant Martí,64,el Camp de l'Arpa del Clot,11,18141
2021,10,Sant Martí,64,el Camp de l'Arpa del Clot,12,17869
2021,10,Sant Martí,64,el Camp de l'Arpa del Clot,13,16523
2021,10,Sant Martí,64,el Camp de l'Arpa del Clot,14,15688
2021,10,Sant Martí,64,el Camp de l'Arpa del Clot,15,16447
2021,10,Sant Martí,64,el Camp de l'Arpa del Clot,16,17829
2021,10,Sant Martí,64,el Camp de l'Arpa del Clot,17,16646
2021,10,Sant Martí,64,el Camp de l'Arpa del Clot,18,16085
2021,10,Sant Martí,64,el Camp de l'Arpa del Clot,19,16948
2021,10,Sant Martí,64,el Camp de l'Arpa del Clot,20,15038
2021,10,Sant Martí,64,el Camp de l'Arpa del Clot,21,15345
2021,10,Sant Martí,64,el Camp de l'Arpa del Clot,22,16333
2021,10,Sant Martí,64,el Camp de l'Arpa del Clot,23,15455
2021,10,Sant Martí,64,el Camp de l'Arpa del Clot,24,17040
2021,10,Sant Martí,64,el Camp de l'Arpa del Clot,25,15683
2021,10,Sant Martí,65,el Clot,26,17299
2021,10,Sant Martí,65,el Clot,27,17284
2021,10,Sant Martí,65,el Clot,28,16207
2021,10,Sant Martí,65,el Clot,29,15399
2021,10,Sant Martí,65,el Clot,30,16210
2021,10,Sant Martí,65,el Clot,31,16619
2021,10,Sant Martí,65,el Clot,32,16940
2021,10,Sant Martí,65,el Clot,33,19430
2021,10,Sant Martí,65,el Clot,34,15820
2021,10,Sant Martí,65,el Clot,35,18018
2021,10,Sant Martí,65,el Clot,36,18566
2021,10,Sant Martí,65,el Clot,37,12606
2021,10,Sant Martí,65,el Clot,38,18328
2021,10,Sant Martí,65,el Clot,39,15391
2021,10,Sant Martí,65,el Clot,40,16004
2021,10,Sant Martí,65,el Clot,41,16736
2021,10,Sant Martí,66,el Parc i la Llacuna del Poblenou,42,14942
2021,10,Sant Martí,66,el Parc i la Llacuna del Poblenou,43,15112
2021,10,Sant Martí,66,el Parc i la Llacuna del Poblenou,44,17470
2021,10,Sant Martí,66,el Parc i la Llacuna del Poblenou,45,18553
2021,10,Sant Martí,66,el Parc i la Llacuna del Poblenou,46,18860
2021,10,Sant Martí,66,el Parc i la Llacuna del Poblenou,47,18334
2021,10,Sant Martí,66,el Parc i la Llacuna del Poblenou,48,18851
2021,10,Sant Martí,66,el Parc i la Llacuna del Poblenou,49,17719
2021,10,Sant Martí,66,el Parc i la Llacuna del Poblenou,50,18438
2021,10,Sant Martí,67,la Vila Olímpica del Poblenou,51,18720
2021,10,Sant Martí,67,la Vila Olímpica del Poblenou,52,23591
2021,10,Sant Martí,67,la Vila Olímpica del Poblenou,53,27126
2021,10,Sant Martí,67,la Vila Olímpica del Poblenou,54,22887
2021,10,Sant Martí,67,la Vila Olímpica del Poblenou,55,25476
2021,10,Sant Martí,68,el Poblenou,56,13934
2021,10,Sant Martí,68,el Poblenou,57,16064
2021,10,Sant Martí,68,el Poblenou,58,15709
2021,10,Sant Martí,68,el Poblenou,59,17963
2021,10,Sant Martí,68,el Poblenou,60,16031
2021,10,Sant Martí,68,el Poblenou,61,18324
2021,10,Sant Martí,68,el Poblenou,62,17784
2021,10,Sant Martí,68,el Poblenou,63,17745
2021,10,Sant Martí,68,el Poblenou,64,18318
2021,10,Sant Martí,68,el Poblenou,65,18573
2021,10,Sant Martí,68,el Poblenou,66,17961
2021,10,Sant Martí,68,el Poblenou,67,22433
2021,10,Sant Martí,68,el Poblenou,68,19439
2021,10,Sant Martí,68,el Poblenou,69,19826
2021,10,Sant Martí,68,el Poblenou,70,16648
2021,10,Sant Martí,68,el Poblenou,71,18961
2021,10,Sant Martí,68,el Poblenou,72,16945
2021,10,Sant Martí,68,el Poblenou,73,15797
2021,10,Sant Martí,68,el Poblenou,74,16183
2021,10,Sant Martí,68,el Poblenou,75,15995
2021,10,Sant Martí,69,Diagonal Mar i el Front Marítim del Poblenou,76,18981
2021,10,Sant Martí,69,Diagonal Mar i el Front Marítim del Poblenou,77,20587
2021,10,Sant Martí,69,Diagonal Mar i el Front Marítim del Poblenou,78,21121
2021,10,Sant Martí,69,Diagonal Mar i el Front Marítim del Poblenou,79,18273
2021,10,Sant Martí,69,Diagonal Mar i el Front Marítim del Poblenou,80,23029
2021,10,Sant Martí,70,el Besòs i el Maresme,81,12800
2021,10,Sant Martí,70,el Besòs i el Maresme,82,7725
2021,10,Sant Martí,70,el Besòs i el Maresme,83,7028
2021,10,Sant Martí,70,el Besòs i el Maresme,84,9686
2021,10,Sant Martí,70,el Besòs i el Maresme,85,8762
2021,10,Sant Martí,70,el Besòs i el Maresme,86,10179
2021,10,Sant Martí,70,el Besòs i el Maresme,87,10322
2021,10,Sant Martí,70,el Besòs i el Maresme,88,13982
2021,10,Sant Martí,70,el Besòs i el Maresme,89,10406
2021,10,Sant Martí,70,el Besòs i el Maresme,90,11685
2021,10,Sant Martí,70,el Besòs i el Maresme,91,13133
2021,10,Sant Martí,70,el Besòs i el Maresme,92,15481
2021,10,Sant Martí,70,el Besòs i el Maresme,93,16435
2021,10,Sant Martí,71,Provençals del Poblenou,94,17189
2021,10,Sant Martí,71,Provençals del Poblenou,95,14059
2021,10,Sant Martí,71,Provençals del Poblenou,96,18118
2021,10,Sant Martí,71,Provençals del Poblenou,97,18451
2021,10,Sant Martí,71,Provençals del Poblenou,98,17264
2021,10,Sant Martí,71,Provençals del Poblenou,99,11929
2021,10,Sant Martí,71,Provençals del Poblenou,100,14102
2021,10,Sant Martí,71,Provençals del Poblenou,101,13639
2021,10,Sant Martí,71,Provençals del Poblenou,102,13789
2021,10,Sant Martí,71,Provençals del Poblenou,103,15310
2021,10,Sant Martí,71,Provençals del Poblenou,104,17837
2021,10,Sant Martí,72,Sant Martí de Provençals,105,16029
2021,10,Sant Martí,72,Sant Martí de Provençals,106,15270
2021,10,Sant Martí,72,Sant Martí de Provençals,107,18763
2021,10,Sant Martí,72,Sant Martí de Provençals,108,15241
2021,10,Sant Martí,72,Sant Martí de Provençals,109,14108
2021,10,Sant Martí,72,Sant Martí de Provençals,110,14008
2021,10,Sant Martí,72,Sant Martí de Provençals,111,14520
2021,10,Sant Martí,72,Sant Martí de Provençals,112,18028
2021,10,Sant Martí,72,Sant Martí de Provençals,113,14290
2021,10,Sant Martí,72,Sant Martí de Provençals,114,12535
2021,10,Sant Martí,72,Sant Martí de Provençals,115,13576
2021,10,Sant Martí,72,Sant Martí de Provençals,116,13033
2021,10,Sant Martí,72,Sant Martí de Provençals,117,14233
2021,10,Sant Martí,72,Sant Martí de Provençals,118,17949
2021,10,Sant Martí,72,Sant Martí de Provençals,119,13146
2021,10,Sant Martí,72,Sant Martí de Provençals,120,14033
2021,10,Sant Martí,72,Sant Martí de Provençals,121,13427
2021,10,Sant Martí,72,Sant Martí de Provençals,122,16878
2021,10,Sant Martí,73,la Verneda i la Pau,123,14930
2021,10,Sant Martí,73,la Verneda i la Pau,124,15673
2021,10,Sant Martí,73,la Verneda i la Pau,125,14109
2021,10,Sant Martí,73,la Verneda i la Pau,126,15232
2021,10,Sant Martí,73,la Verneda i la Pau,127,15853
2021,10,Sant Martí,73,la Verneda i la Pau,128,16095
2021,10,Sant Martí,73,la Verneda i la Pau,129,16115
2021,10,Sant Martí,73,la Verneda i la Pau,130,15287
2021,10,Sant Martí,73,la Verneda i la Pau,131,17885
2021,10,Sant Martí,73,la Verneda i la Pau,132,13730
2021,10,Sant Martí,73,la Verneda i la Pau,133,12910
2021,10,Sant Martí,73,la Verneda i la Pau,134,13274
2021,10,Sant Martí,73,la Verneda i la Pau,135,13663
2021,10,Sant Martí,73,la Verneda i la Pau,136,13701
2021,10,Sant Martí,73,la Verneda i la Pau,137,12252
2021,10,Sant Martí,73,la Verneda i la Pau,138,10903
2021,10,Sant Martí,73,la Verneda i la Pau,139,11579
2021,10,Sant Martí,73,la Verneda i la Pau,140,11746
2021,10,Sant Martí,73,la Verneda i la Pau,141,12213
2021,10,Sant Martí,73,la Verneda i la Pau,142,11400
2021,10,Sant Martí,73,la Verneda i la Pau,143,12705
2021,10,Sant Martí,65,el Clot,234,16081
2021,10,Sant Martí,69,Diagonal Mar i el Front Marítim del Poblenou,235,14455
2021,10,Sant Martí,69,Diagonal Mar i el Front Marítim del Poblenou,236,14844
2021,10,Sant Martí,71,Provençals del Poblenou,237,13443
